"Lon","Lat","resid","t","a","min_wts_name","WSCSSDA"
-75.3667,48.1167,1298,"Clova","North Central","Saint-Maurice","02NA"
-73.2064,47.7522,1329,"Reservoir Blanc","North Central","Saint-Maurice","02NC"
-73.7787,47.9165,1775,"Weymontachie","North Central","Saint-Maurice","02NC"
-72.7843,47.4402,1190,"La Tuque","North Central","Saint-Maurice","02NE"
-72.7833,47.4333,1215,"Langelier","North Central","Saint-Maurice","02NE"
-72.6868,47.5109,1177,"La Bostonnais","North Central","Saint-Maurice","02NE"
-73.8148,46.5588,1595,"St Zenon","North Central","Saint-Maurice","02NF"
-73.9199,46.678,1531,"St Michel Des Saints","North Central","Saint-Maurice","02NF"
-74.0972,46.6094,1451,"St Guillaume Nord","North Central","Saint-Maurice","02NF"
-72.7237,46.6881,1141,"Grandes Piles","North Central","Saint-Maurice","02NG"
-72.6306,46.611,1195,"Lac A La Tortue","North Central","Saint-Maurice","02NG"
-72.8289,46.5056,1389,"St Boniface De Shawinigan","North Central","Saint-Maurice","02NG"
-72.922,46.5728,1522,"St Mathieu Du Lac Bellemare","North Central","Saint-Maurice","02NG"
-72.7693,46.8095,1564,"St Roch De Mekinac","North Central","Saint-Maurice","02NG"
-72.661,46.6223,1442,"St Georges De Champlain","North Central","Saint-Maurice","02NG"
-72.7525,46.5266,1740,"Shawinigan Sud","North Central","Saint-Maurice","02NG"
-72.765,46.5433,1015,"Baie De Shawinigan","North Central","Saint-Maurice","02NG"
-72.6926,46.9189,1040,"Boucher","North Central","Saint-Maurice","02NG"
-72.6897,46.6156,1138,"Grand Mere","North Central","Saint-Maurice","02NG"
-72.7434,46.553,1351,"Shawinigan","North Central","Saint-Maurice","02NG"
-72.8136,46.6033,1446,"St Gerard Des Laurentides","North Central","Saint-Maurice","02NG"
-72.7409,46.6913,1477,"St Jean Des Piles","North Central","Saint-Maurice","02NG"
-73.483,45.7208,1064,"Charlemagne","North Central","L'Assomption","02OB"
-73.428,45.8211,1174,"L''Assomption","North Central","L'Assomption","02OB"
-73.4214,46.0537,1292,"Notre Dame Des Prairies","North Central","L'Assomption","02OB"
-73.6113,45.9329,1363,"St Alexis De Montcalm","North Central","L'Assomption","02OB"
-73.7744,46.2703,1404,"St Come","North Central","L'Assomption","02OB"
-74.2247,46.319,1417,"St Donat De Montcalm","North Central","L'Assomption","02OB"
-73.535,46.2283,1476,"St Jean De Matha","North Central","L'Assomption","02OB"
-73.5715,46.0082,1503,"St Liguori","North Central","L'Assomption","02OB"
-73.5888,45.8567,1563,"St Roch De L''Achigan","North Central","L'Assomption","02OB"
-73.3543,46.0139,1581,"St Thomas De Joliette","North Central","L'Assomption","02OB"
-73.5145,46.1346,1657,"Ste Melanie","North Central","L'Assomption","02OB"
-73.4802,45.8459,1176,"L''Epiphanie","North Central","L'Assomption","02OB"
-73.4696,45.7514,1747,"Le Gardeur","North Central","L'Assomption","02OB"
-74.0594,46.2259,1282,"Notre Dame De La Merci","North Central","L'Assomption","02OB"
-73.6936,46.1869,1366,"St Alphonse Rodriguez","North Central","L'Assomption","02OB"
-73.552,46.0784,1368,"St Ambroise De Kildare","North Central","L'Assomption","02OB"
-73.4627,46.0485,1398,"St Charles Borromee","North Central","L'Assomption","02OB"
-73.663,45.9005,1426,"St Esprit","North Central","L'Assomption","02OB"
-73.92,46.17,1069,"Chertsey","North Central","L'Assomption","02OB"
-73.4204,46.0992,1284,"Notre Dame De Lourdes De Joliette","North Central","L'Assomption","02OB"
-73.1201,46.1883,1382,"St Barthelemy","North Central","L'Assomption","02OB"
-73.2246,46.1485,1406,"St Cuthbert","North Central","L'Assomption","02OB"
-73.4319,45.8945,1447,"St Gerard Majella","North Central","L'Assomption","02OB"
-73.6213,46.1936,1618,"Ste Beatrix","North Central","L'Assomption","02OB"
-73.7108,45.9614,1645,"Ste Julienne","North Central","L'Assomption","02OB"
-73.5702,45.9483,1464,"St Jacques","North Central","L'Assomption","02OB"
-73.7569,45.8772,1504,"St Lin","North Central","L'Assomption","02OB"
-73.3164,46.1686,1535,"St Norbert","North Central","L'Assomption","02OB"
-73.447,45.9826,1540,"St Paul","North Central","L'Assomption","02OB"
-73.7667,45.85,1776,"Laurentides","North Central","L'Assomption","02OB"
-73.3522,46.0952,1631,"Ste Elisabeth","North Central","L'Assomption","02OB"
-73.5983,46.1168,1650,"Ste Marcelline De Kildare","North Central","L'Assomption","02OB"
-73.4964,45.9312,1654,"Ste Marie Salomee","North Central","L'Assomption","02OB"
-74.0036,46.113,1117,"Entrelacs","North Central","L'Assomption","02OB"
-73.4386,46.0249,1164,"Joliette","North Central","L'Assomption","02OB"
-73.7132,46.0479,1326,"Rawdon","North Central","L'Assomption","02OB"
-73.4726,45.9632,1343,"Crabtree","North Central","L'Assomption","02OB"
-73.8487,45.9534,1392,"St Calixte","North Central","L'Assomption","02OB"
-73.4252,46.1702,1435,"St Felix De Valois","North Central","L'Assomption","02OB"
-73.47,46.02,1548,"St Pierre De Joliette","North Central","L'Assomption","02OB"
-73.6434,46.3223,1633,"Ste Emelie De L''Energie","North Central","L'Assomption","02OB"
-73.4094,46.2276,1780,"St Cleophas De Brandon","North Central","L'Assomption","02OB"
-74.0275,45.9319,1456,"St Hippolyte","North Central","L'Assomption","02OB"
-73.8959,45.818,1668,"Ste Sophie De Terrebonne","North Central","L'Assomption","02OB"
-73.1452,46.3302,1421,"St Edouard De Maskinonge","North Central","Loup","02OC"
-73.3782,46.2925,1440,"St Gabriel De Brandon","North Central","Loup","02OC"
-73.0873,46.2536,1493,"St Justin","North Central","Loup","02OC"
-72.9352,46.3135,1499,"St Leon Le Grand De Maskinonge","North Central","Loup","02OC"
-73.0224,46.4239,1544,"St Paulin","North Central","Loup","02OC"
-73.0339,46.2868,1673,"Ste Ursule","North Central","Loup","02OC"
-73.3541,46.3583,1400,"St Charles De Mandeville","North Central","Loup","02OC"
-73.4779,46.3295,1410,"St Damien","North Central","Loup","02OC"
-73.2832,46.3262,1414,"St Didace","North Central","Loup","02OC"
-72.9593,46.4915,1422,"St Elie","North Central","Loup","02OC"
-72.9246,46.4399,1063,"Charette","North Central","Loup","02OC"
-72.9441,46.2621,1236,"Louiseville","North Central","Loup","02OC"
-73.1456,46.4576,1364,"St Alexis Des Monts","North Central","Loup","02OC"
-72.8805,46.3946,1381,"St Barnabe Nord","North Central","Loup","02OC"
-73.0596,46.3619,1604,"Ste Angele De Premont","North Central","Loup","02OC"
-72.8282,46.2922,1607,"Yamachiche","North Central","Loup","02OC"
-72.5701,46.325,1771,"Trois Rivieres Ouest","North Central","Loup","02OC"
-72.6836,46.2948,1314,"Pointe Du Lac","North Central","Loup","02OC"
-72.7727,46.4395,1429,"St Etienne Des Gres","North Central","Loup","02OC"
-73.0184,46.2289,1487,"Maskinonge","North Central","Loup","02OC"
-72.8992,46.3466,1571,"St Severe","North Central","Loup","02OC"
-72.1831,46.9898,737,"Riviere A Pierre","North Central","Batiscan","02PA"
-72.5939,46.425,1507,"St Louis De France","North Central","Batiscan","02PA"
-72.5,46.67,1572,"St Severin De Proulxville","North Central","Batiscan","02PA"
-72.6182,46.6776,1585,"Herouxville","North Central","Batiscan","02PA"
-72.5066,46.8154,1670,"Ste Thecle","North Central","Batiscan","02PA"
-72.5316,46.469,1525,"St Maurice","North Central","Batiscan","02PA"
-72.4299,46.7328,1355,"St Adelphe","North Central","Batiscan","02PA"
-72.3785,46.6255,1575,"St Stanislas De Champlain","North Central","Batiscan","02PA"
-72.5593,46.7349,1586,"St Tite","North Central","Batiscan","02PA"
-72.4191,46.496,1510,"St Luc De Vincennes","North Central","Batiscan","02PA"
-72.4693,46.5643,1532,"St Narcisse","North Central","Batiscan","02PA"
-72.3398,46.5324,1636,"Ste Genevieve De Batiscan","North Central","Batiscan","02PA"
-72.33,46.87,825,"Notre Dame De Montauban","North Central","Batiscan","02PA"
-72.3882,46.867,747,"Lac Aux Sables","North Central","Batiscan","02PA"
-72.2758,47.6581,890,"Lac Edouard","North Central","Batiscan","02PA"
-71.8328,46.8916,746,"St Raymond","North Central","Sainte-Anne","02PB"
-72.0797,46.718,753,"St Alban","North Central","Sainte-Anne","02PB"
-71.907,46.8901,757,"St Leonard De Portneuf","North Central","Sainte-Anne","02PB"
-72.1615,46.7087,759,"St Thuribe","North Central","Sainte-Anne","02PB"
-72.1424,46.6585,755,"St Casimir","North Central","Sainte-Anne","02PB"
-72.2937,46.6168,1555,"St Prosper De Champlain","North Central","Sainte-Anne","02PB"
-72.2676,46.7637,745,"St Ubalde","North Central","Sainte-Anne","02PB"
-71.9696,46.8154,760,"Ste Christine D''Auvergne","North Central","Sainte-Anne","02PB"
-71.4568,46.7437,726,"St Augustin De Desmaures","North Central","Jacque-Cartier","02PC"
-71.6959,46.7558,752,"Pont Rouge","North Central","Jacque-Cartier","02PC"
-71.8228,46.7555,754,"St Basile De Portneuf","North Central","Jacque-Cartier","02PC"
-71.6207,46.8514,245,"Ste Catherine De La Jacques Cartier","North Central","Jacque-Cartier","02PC"
-71.8855,46.6942,750,"Portneuf","North Central","Jacque-Cartier","02PC"
-72.2014,46.5776,1609,"Ste Anne De La Perade","North Central","Jacque-Cartier","02PC"
-71.9927,46.7178,756,"St Gilbert","North Central","Jacque-Cartier","02PC"
-72.0489,46.6819,758,"St Marc Des Carrieres","North Central","Jacque-Cartier","02PC"
-71.4673,46.9355,892,"St Gabriel De Valcartier","North Central","Jacque-Cartier","02PC"
-71.2678,46.8595,720,"Charlesbourg","North Central","Montmorency","02PD"
-71.3097,46.7705,723,"Ste Foy","North Central","Montmorency","02PD"
-71.3598,46.7995,718,"Ancienne Lorette","North Central","Montmorency","02PD"
-71.341,46.7495,722,"Cap Rouge","North Central","Montmorency","02PD"
-71.3856,46.9091,725,"Lac St Charles","North Central","Montmorency","02PD"
-71.4316,46.8431,728,"Val Belair","North Central","Montmorency","02PD"
-71.3376,46.8708,732,"St Emile","North Central","Montmorency","02PD"
-71.3693,46.9877,724,"Stoneham Et Tewkesbury","North Central","Montmorency","02PD"
-71.2636,46.8168,729,"Vanier","North Central","Montmorency","02PD"
-71.3616,46.8505,733,"Loretteville","North Central","Montmorency","02PD"
-71.2995,46.9422,891,"Lac Beauport","North Central","Montmorency","02PD"
-71.2095,46.9693,707,"Ste Brigitte De Laval","North Central","Montmorency","02PD"
-70.847,47.0585,706,"St Joachim","North Central","Gouffre","02PE"
-71.0233,46.9703,708,"Chateau Richer","North Central","Gouffre","02PE"
-70.7738,47.1426,709,"St Tite Des Caps","North Central","Gouffre","02PE"
-70.8612,47.1163,704,"St Ferreol Les Neiges","North Central","Gouffre","02PE"
-70.3803,47.6644,91,"Notre Dame Des Monts","North Central","Gouffre","02PE"
-70.3978,47.5732,179,"St Hilarion","North Central","Gouffre","02PE"
-70.2901,47.6383,240,"Ste Agnes","North Central","Gouffre","02PE"
-70.508,47.441,14,"Baie St Paul","North Central","Gouffre","02PE"
-70.3638,47.4598,193,"St Joseph De La Rive","North Central","Gouffre","02PE"
-70.5401,47.557,237,"St Urbain De Charlevoix","North Central","Gouffre","02PE"
-70.305,47.6814,124,"St Aime Des Lacs","North Central","Malbaie","02PF"
-69.8814,47.8481,230,"St Simeon","North Central","Malbaie","02PF"
-69.993,47.7375,250,"St Fidele De Mont Murray","North Central","Malbaie","02PF"
-70.2253,47.6925,29,"Clermont","North Central","Malbaie","02PF"
-72.052,48.768,97,"Peribonka","Saguenay","Mistassini","02RC"
-71.8576,48.7432,264,"Ste Monique Du Lac St Jean","Saguenay","Mistassini","02RC"
-71.8246,48.6604,178,"St Henri De Taillon","Saguenay","Mistassini","02RC"
-71.8192,48.8962,203,"St Ludger De Milot","Saguenay","Mistassini","02RC"
-71.9589,48.8069,136,"St Augustin Du Lac St Jean","Saguenay","Mistassini","02RC"
-72.0606,48.9696,247,"Ste Elisabeth De Proulx","Saguenay","Mistassini","02RC"
-72.0849,48.8637,258,"Ste Jeanne D''Arc Du Lac St Jean","Saguenay","Mistassini","02RC"
-71.2573,49.8949,28,"Chute Des Passes","Saguenay","Mistassini","02RC"
-72.4488,48.8901,2,"Albanel","Saguenay","Mistassini","02RD"
-72.2291,48.871,35,"Dolbeau","Saguenay","Mistassini","02RD"
-72.2033,48.8884,83,"Mistassini","Saguenay","Mistassini","02RD"
-72.4157,48.7235,263,"St Methode","Saguenay","Mistassini","02RD"
-72.6734,48.9049,235,"St Thomas Didyme","Saguenay","Mistassini","02RD"
-72.356,49.0768,90,"Notre Dame De Lorette","Saguenay","Mistassini","02RD"
-72.5563,48.904,152,"St Edmond","Saguenay","Mistassini","02RD"
-72.5432,48.8417,88,"Normandin","Saguenay","Mistassini","02RD"
-72.2882,48.9789,158,"St Eugene Du Lac St Jean","Saguenay","Mistassini","02RD"
-72.1774,49.0074,232,"St Stanislas Du Lac St Jean","Saguenay","Mistassini","02RD"
-72.5467,49.0035,43,"Girardville","Saguenay","Mistassini","02RE"
-72.6543,48.7097,67,"La Dore","Saguenay","Mistassini","02RF"
-72.4543,48.6399,163,"St Felicien","Saguenay","Mistassini","02RF"
-72.2399,48.5167,119,"Roberval","Saguenay","Lac Saint-Jean","02RG"
-72.1717,48.266,65,"Lac Bouchette","Saguenay","Lac Saint-Jean","02RG"
-71.8729,48.4234,192,"Metabetchouan","Saguenay","Lac Saint-Jean","02RG"
-72.3648,48.4788,254,"Ste Hedwidge","Saguenay","Lac Saint-Jean","02RG"
-72.1352,48.325,166,"St Francois De Sales","Saguenay","Lac Saint-Jean","02RG"
-71.774,48.4923,173,"St Gedeon","Saguenay","Lac Saint-Jean","02RG"
-72.3414,48.5897,227,"St Prime","Saguenay","Lac Saint-Jean","02RG"
-72.2378,48.5719,102,"Mashteuiatsh","Saguenay","Lac Saint-Jean","02RG"
-72.1648,48.4387,279,"Val Jalbert","Saguenay","Lac Saint-Jean","02RG"
-71.9466,48.415,34,"Desbiens","Saguenay","Lac Saint-Jean","02RG"
-72.0662,48.4282,24,"Chambord","Saguenay","Lac Saint-Jean","02RG"
-71.6802,48.387,51,"Hebertville","Saguenay","Lac Saint-Jean","02RG"
-71.9886,48.3132,130,"St Andre Du Lac St Jean","Saguenay","Lac Saint-Jean","02RG"
-71.7833,48.4069,246,"Lac A La Croix","Saguenay","Lac Saint-Jean","02RG"
-69.8712,48.2171,120,"Sacre Coeur","Saguenay","Saguenay - Mouth","02RH"
-70.4192,48.2589,114,"Riviere Eternite","Saguenay","Saguenay - Mouth","02RH"
-70.6306,48.2742,164,"St Felix D''Otis","Saguenay","Saguenay - Mouth","02RH"
-70.5942,48.3887,268,"Ste Rose Du Nord","Saguenay","Saguenay - Mouth","02RH"
-70.2092,48.2355,6,"Anse St Jean","Saguenay","Saguenay - Mouth","02RH"
-70.0793,48.2171,98,"Petit Saguenay","Saguenay","Saguenay - Mouth","02RH"
-71.6725,48.688,8,"Ascension","Saguenay","Saguenay - Mouth","02RH"
-71.3264,48.5564,127,"St Ambroise","Saguenay","Saguenay - Mouth","02RH"
-71.429,48.7897,95,"Notre Dame Du Rosaire","Saguenay","Saguenay - Mouth","02RH"
-71.62,48.6,143,"Delisle","Saguenay","Saguenay - Mouth","02RH"
-71.0892,48.5316,181,"St Honore De Chicoutimi","Saguenay","Saguenay - Mouth","02RH"
-71.5239,48.673,198,"Labrecque","Saguenay","Saguenay - Mouth","02RH"
-71.1126,48.6188,148,"St David De Falardeau","Saguenay","Saguenay - Mouth","02RH"
-71.5514,48.5881,212,"St Nazaire","Saguenay","Saguenay - Mouth","02RH"
-71.2228,48.4718,272,"Shipshaw","Saguenay","Saguenay - Mouth","02RH"
-71.362,48.6725,16,"Begin","Saguenay","Saguenay - Mouth","02RH"
-71.6656,48.4407,52,"Hebertville Station","Saguenay","Saguenay - Mouth","02RH"
-70.8879,48.3411,10,"La Baie","Saguenay","Saguenay - Mouth","02RH"
-71.0831,48.4426,26,"Chicoutimi Nord","Saguenay","Saguenay - Mouth","02RH"
-70.8474,48.1811,38,"Ferland Boileau","Saguenay","Saguenay - Mouth","02RH"
-71.1137,48.3064,73,"Laterriere","Saguenay","Saguenay - Mouth","02RH"
-71.6533,48.5466,3,"Alma","Saguenay","Saguenay - Mouth","02RH"
-71.0671,48.4227,25,"Chicoutimi","Saguenay","Saguenay - Mouth","02RH"
-71.6518,48.4685,138,"St Bruno","Saguenay","Saguenay - Mouth","02RH"
-71.4084,48.4966,139,"St Charles De Bourget","Saguenay","Saguenay - Mouth","02RH"
-70.9059,48.4484,170,"St Fulgence","Saguenay","Saguenay - Mouth","02RH"
-71.3473,48.3231,145,"Lac Kenogami","Saguenay","Saguenay - Mouth","02RH"
-71.1796,48.4296,7,"Arvida","Saguenay","Saguenay - Mouth","02RH"
-71.2562,48.4088,61,"Jonquiere","Saguenay","Saguenay - Mouth","02RH"
-71.3964,47.9655,635,"Mont Apica","Saguenay","Saguenay - Mouth","02RH"
-71.5241,48.4443,71,"Larouche","Saguenay","Saguenay - Mouth","02RH"
-69.5599,49.2991,965,"Labrieville","Saguenay","Cote Nord","02SB"
-69.6169,49.6752,783,"Les Sept Cantons Unis Du Saguenay","Saguenay","Cote Nord","02SB"
-68.8479,48.8713,30,"Colombier","Saguenay","Cote Nord","02SC"
-69.0841,48.7389,40,"Forestville","Saguenay","Cote Nord","02SC"
-69.5487,48.2455,47,"Grandes Bergeronnes","Saguenay","Cote Nord","02SC"
-70.0965,46.5656,788,"St Juste De Bretenieres","Eastern","Headwaters Saint John","01AA"
-70.3545,46.4917,819,"Ste Sabine De Bellechasse","Eastern","Headwaters Saint John","01AA"
-70.2147,46.4923,818,"St Camille De Lellis","Eastern","Headwaters Saint John","01AA"
-70.2901,46.5732,820,"St Magloire De Bellechasse","Eastern","Headwaters Saint John","01AA"
-70.1997,46.8061,798,"Ste Apolline De Patton","Eastern","Headwaters Saint John","01AA"
-70.1485,46.6532,800,"St Fabien De Panet","Eastern","Headwaters Saint John","01AA"
-70.0239,46.7368,803,"Ste Lucie De Beauregard","Eastern","Headwaters Saint John","01AA"
-70.3498,46.4082,921,"Ste Justine","Eastern","Headwaters Saint John","01AA"
-70.266,46.3518,931,"St Cyprien De Dorchester","Eastern","Headwaters Saint John","01AA"
-70.0057,46.6936,796,"Lac Frontiere","Eastern","Headwaters Saint John","01AA"
-69.4131,47.4401,134,"St Athanase","Eastern","Big Black","01AB"
-69.9048,46.858,122,"St Adalbert","Eastern","Big Black","01AB"
-69.7273,47.0597,216,"St Omer De L''Islet","Eastern","Big Black","01AB"
-69.7761,46.9605,219,"St Pamphile","Eastern","Big Black","01AB"
-70.0705,46.8921,205,"St Marcel De L''Islet","Eastern","Big Black","01AB"
-69.9255,47.0565,266,"Ste Perpetue De L''Islet","Eastern","Big Black","01AB"
-69.9489,46.9654,248,"Ste Felicite De L''Islet","Eastern","Big Black","01AB"
-68.6454,47.7285,9,"Auclair","Eastern","St. Francis","01AD"
-68.785,47.4896,96,"Packington","Eastern","St. Francis","01AD"
-68.8781,47.6799,20,"Cabano","Eastern","St. Francis","01AD"
-68.5614,48.0701,37,"Esprit Saint","Eastern","St. Francis","01AD"
-68.7958,47.6116,93,"Notre Dame Du Lac","Eastern","St. Francis","01AD"
-68.5763,47.7672,176,"Lejeune","Eastern","St. Francis","01AD"
-68.7539,47.6541,196,"St Juste Du Lac","Eastern","St. Francis","01AD"
-68.6819,47.4278,189,"St Jean De La Lande De Temiscouata","Eastern","St. Francis","01AD"
-69.0475,47.4324,194,"Riviere Bleue","Eastern","St. Francis","01AD"
-68.978,47.6709,200,"St Louis Du Ha Ha","Eastern","St. Francis","01AD"
-68.9,47.38,204,"St Marc Du Lac Long","Eastern","St. Francis","01AD"
-68.6451,47.547,32,"Degelis","Eastern","St. Francis","01AD"
-69.283,47.4855,153,"Pohenegamook","Eastern","St. Francis","01AD"
-69.097,47.5922,155,"St Elzear De Temiscouata","Eastern","St. Francis","01AD"
-68.9112,47.5445,161,"St Eusebe","Eastern","St. Francis","01AD"
-68.7248,47.8806,209,"St Michel Du Squatec","Eastern","St. Francis","01AD"
-69.0347,47.7864,828,"St Pierre De Lamy","Eastern","St. Francis","01AD"
-68.6776,47.9916,66,"Lac Des Aigles","Eastern","St. Francis","01AD"
-68.6056,47.936,18,"Biencourt","Eastern","St. Francis","01AD"
-67.1602,47.9829,886,"St Francois D''Assise","Eastern","Restigouche","01BC"
-67.2494,47.9321,877,"L''Ascension De Patapedia","Eastern","Restigouche","01BC"
-67.4287,48.4645,4,"Amqui","Eastern","Matapédia","01BD"
-67.2199,48.3505,23,"Causapscal","Eastern","Matapédia","01BD"
-67.345,48.4195,151,"St Edmond Du Lac Au Saumon","Eastern","Matapédia","01BD"
-67.3279,48.4683,126,"St Alexandre Des Lacs","Eastern","Matapédia","01BD"
-67.3616,48.3244,228,"St Raphael D''Albertville","Eastern","Matapédia","01BD"
-67.5916,48.4329,256,"Ste Irene","Eastern","Matapédia","01BD"
-67.6876,48.5649,270,"Sayabec","Eastern","Matapédia","01BD"
-67.5442,48.531,278,"Val Brillant","Eastern","Matapédia","01BD"
-67.413,48.6158,186,"St Vianney","Eastern","Matapédia","01BD"
-67.0461,47.9712,878,"St Alexis De Matapedia","Eastern","Matapédia","01BD"
-67.5813,48.3064,239,"St Zenon Du Lac Humqui","Eastern","Matapédia","01BD"
-67.2383,48.263,252,"Ste Florence","Eastern","Matapédia","01BD"
-67.7436,48.4916,142,"St Cleophas De Matapedia","Eastern","Matapédia","01BD"
-67.5026,48.378,199,"St Leon Le Grand De Matapedia","Eastern","Matapédia","01BD"
-67.0861,48.3158,261,"Ste Marguerite De Matapedia","Eastern","Matapédia","01BD"
-66.6829,48.0179,882,"Pointe A La Croix","Eastern","Restigouche","01BF"
-66.934,47.9741,925,"Matapedia","Eastern","Restigouche","01BF"
-66.3127,48.1392,862,"Nouvelle","Eastern","Restigouche","01BF"
-66.4879,48.1181,870,"Escuminac","Eastern","Restigouche","01BF"
-66.9471,48.063,884,"St Andre De Restigouche","Eastern","Restigouche","01BF"
-65.4918,48.0465,863,"Bonaventure","Eastern","Northwestern","01BG"
-65.3968,48.1585,871,"St Elzear De Bonaventure","Eastern","Northwestern","01BG"
-65.6319,48.1893,879,"St Alphonse De Caplan","Eastern","Northwestern","01BG"
-65.6821,48.1043,864,"Caplan","Eastern","Northwestern","01BG"
-65.5676,48.0723,888,"St Simeon De Bonaventure","Eastern","Northwestern","01BG"
-65.874,48.1722,861,"New Richmond","Eastern","Northwestern","01BG"
-65.9113,48.2516,887,"St Jules De Cascapedia","Eastern","Northwestern","01BG"
-65.8931,48.2521,873,"Grande Cascapedia","Eastern","Northwestern","01BG"
-65.9829,48.1748,867,"Maria","Eastern","Northwestern","01BG"
-66.1064,48.1021,868,"Carleton","Eastern","Northwestern","01BG"
-66.2296,48.1114,880,"St Omer De Bonaventure","Eastern","Northwestern","01BG"
-64.8355,49.1756,837,"Cloridorme","Eastern","Chaleur Bay","01BH"
-64.4867,48.8288,833,"Gaspe","Eastern","Chaleur Bay","01BH"
-65.1253,49.2231,846,"Grande Vallee","Eastern","Chaleur Bay","01BH"
-64.4763,49.0517,987,"St Maurice De L''Echouerie","Eastern","Chaleur Bay","01BH"
-64.2152,48.8661,984,"Cap Des Rosiers","Eastern","Chaleur Bay","01BH"
-64.2632,48.6228,982,"Barachois","Eastern","Chaleur Bay","01BH"
-65.495,48.9591,853,"Murdochville","Eastern","Chaleur Bay","01BH"
-64.3771,48.7643,985,"Douglastown","Eastern","Chaleur Bay","01BH"
-64.3859,48.9896,986,"Riviere Au Renard","Eastern","Chaleur Bay","01BH"
-64.2156,48.5222,834,"Perce","Eastern","Chaleur Bay","01BH"
-64.7082,48.3064,845,"Pabos Mills","Eastern","Chaleur Bay","01BH"
-64.6107,48.3621,851,"Pabos","Eastern","Chaleur Bay","01BH"
-65.3313,48.0066,881,"New Carlisle","Eastern","Chaleur Bay","01BH"
-64.9708,48.1797,883,"Port Daniel","Eastern","Chaleur Bay","01BH"
-64.7439,48.2702,854,"Newport","Eastern","Chaleur Bay","01BH"
-65.074,48.0952,865,"Shigawake","Eastern","Chaleur Bay","01BH"
-64.5396,48.5198,972,"St Gabriel De Gaspe","Eastern","Chaleur Bay","01BH"
-65.2,48.05,874,"Hope Town","Eastern","Chaleur Bay","01BH"
-64.3302,48.4275,989,"Cap D''Espoir","Eastern","Chaleur Bay","01BH"
-64.8725,48.1916,836,"Ste Germaine De L''Anse Aux Gascons","Eastern","Chaleur Bay","01BH"
-64.6765,48.3487,844,"Chandler","Eastern","Chaleur Bay","01BH"
-64.4951,48.3975,848,"Grande Riviere","Eastern","Chaleur Bay","01BH"
-64.4193,48.4087,843,"Ste Therese De Gaspe","Eastern","Chaleur Bay","01BH"
-65.2451,48.0299,876,"Paspebiac","Eastern","Chaleur Bay","01BH"
-65.1116,48.0782,872,"St Godefroi","Eastern","Chaleur Bay","01BH"
-69.5408,47.8388,112,"Riviere Du Loup","Eastern","Lower Loup","02PG"
-69.6797,47.6264,129,"St Andre De Kamouraska","Eastern","Lower Loup","02PG"
-69.4771,47.7617,132,"St Antonin","Eastern","Lower Loup","02PG"
-69.4349,47.9141,133,"St Arsene","Eastern","Lower Loup","02PG"
-69.8573,47.4396,85,"Mont Carmel","Eastern","Lower Loup","02PG"
-69.6235,47.684,125,"St Alexandre De Kamouraska","Eastern","Lower Loup","02PG"
-69.7309,47.5902,255,"Ste Helene De Kamouraska","Eastern","Lower Loup","02PG"
-69.6,47.45,280,"Woodbridge","Eastern","Lower Loup","02PG"
-69.6415,47.6114,701,"St Joseph De Kamouraska","Eastern","Lower Loup","02PG"
-69.7931,47.5213,220,"St Pascal","Eastern","Lower Loup","02PG"
-70.22,47.18,135,"St Aubert","Eastern","Lower Loup","02PG"
-69.9393,47.5017,149,"St Denis De Kamouraska","Eastern","Lower Loup","02PG"
-70.0203,47.4341,116,"Riviere Ouelle","Eastern","Lower Loup","02PG"
-69.9297,47.3813,172,"St Gabriel Lalemant","Eastern","Lower Loup","02PG"
-69.9825,47.3252,217,"St Onesime D''Ixworth","Eastern","Lower Loup","02PG"
-69.8899,47.4641,224,"St Philippe De Neri","Eastern","Lower Loup","02PG"
-69.9854,47.0953,275,"Tourville","Eastern","Lower Loup","02PG"
-70.1298,47.1953,824,"St Damase De L''Islet","Eastern","Lower Loup","02PG"
-70.1373,47.2797,259,"Ste Louise","Eastern","Lower Loup","02PG"
-70.3398,47.0832,159,"St Eugene De L''Islet","Eastern","Lower Loup","02PG"
-67.8791,48.4447,70,"La Redemption","Eastern","Rimouski","02QA"
-68.1909,48.588,86,"Mont Joli","Eastern","Rimouski","02QA"
-68.0459,48.3418,140,"St Charles Garnier","Eastern","Rimouski","02QA"
-68.4262,48.4762,128,"St Anaclet De Lessard","Eastern","Rimouski","02QA"
-68.2526,48.4951,150,"St Donat De Rimouski","Eastern","Rimouski","02QA"
-68.1164,48.3774,168,"Les Hauteurs","Eastern","Rimouski","02QA"
-68.1755,48.4219,171,"St Gabriel","Eastern","Rimouski","02QA"
-68.2929,48.3351,206,"St Marcellin","Eastern","Rimouski","02QA"
-68.0776,48.6007,215,"St Octave De Metis","Eastern","Rimouski","02QA"
-68.2297,48.6092,251,"Ste Flavie","Eastern","Rimouski","02QA"
-67.9608,48.4955,257,"Ste Jeanne D''Arc De Matapedia","Eastern","Rimouski","02QA"
-68.0839,48.5258,241,"Ste Angele De Merici","Eastern","Rimouski","02QA"
-68.348,48.5284,79,"Luceville","Eastern","Rimouski","02QA"
-68.1698,48.5747,195,"St Joseph De Lepage","Eastern","Rimouski","02QA"
-68.1253,48.6008,106,"Price","Eastern","Rimouski","02QA"
-68.7945,48.2533,160,"St Eugene De Ladriere","Eastern","Rimouski","02QA"
-68.4376,48.2881,829,"St Narcisse De Rimouski","Eastern","Rimouski","02QA"
-68.4622,48.3616,244,"Ste Blandine","Eastern","Rimouski","02QA"
-69.0673,48.0933,253,"Ste Francoise De Riviere Du Loup","Eastern","Rimouski","02QA"
-68.7831,48.0338,177,"St Guy","Eastern","Rimouski","02QA"
-68.868,48.2911,162,"St Fabien","Eastern","Rimouski","02QA"
-68.4742,48.1283,276,"La Trinite Des Monts","Eastern","Rimouski","02QA"
-68.9841,48.1842,207,"St Mathieu De Rioux","Eastern","Rimouski","02QA"
-68.7069,48.3714,17,"Bic","Eastern","Rimouski","02QA"
-68.6621,48.3413,238,"St Valerien De Rimouski","Eastern","Rimouski","02QA"
-69.0456,48.2026,231,"St Simon De Rimouski","Eastern","Rimouski","02QA"
-69.3485,48.0061,56,"Isle Verte","Eastern","Rimouski","02QA"
-69.2266,48.0396,154,"St Eloi","Eastern","Rimouski","02QA"
-69.1341,47.7082,180,"St Honore De Temiscouata","Eastern","Rimouski","02QA"
-69.0961,47.9221,141,"St Clement","Eastern","Rimouski","02QA"
-69.0471,48.0037,188,"St Jean De Dieu","Eastern","Rimouski","02QA"
-69.0209,47.8965,144,"St Cyprien De Riviere Du Loup","Eastern","Rimouski","02QA"
-68.9121,47.95,267,"Ste Rita","Eastern","Rimouski","02QA"
-69.4033,47.8325,210,"St Modeste","Eastern","Rimouski","02QA"
-69.3316,47.898,156,"St Epiphane","Eastern","Rimouski","02QA"
-69.2466,47.8541,169,"St Francois Xavier De Viger","Eastern","Rimouski","02QA"
-69.1495,47.8156,182,"St Hubert De Temiscouata","Eastern","Rimouski","02QA"
-69.1963,47.9521,221,"St Paul De La Croix","Eastern","Rimouski","02QA"
-68.9034,48.0431,208,"St Medard","Eastern","Rimouski","02QA"
-67.2567,48.8256,123,"St Adelme","Eastern","Matane","02QB"
-67.5341,48.8479,81,"Matane","Eastern","Matane","02QB"
-67.4412,48.8661,99,"Petit Matane","Eastern","Matane","02QB"
-67.4751,48.7963,201,"St Luc De Matane","Eastern","Matane","02QB"
-67.5588,48.66,265,"Ste Paule","Eastern","Matane","02QB"
-67.3884,48.707,831,"St Rene De Matane","Eastern","Matane","02QB"
-67.6056,48.7315,197,"St Leandre","Eastern","Matane","02QB"
-67.3393,48.5449,233,"St Tharcisius","Eastern","Matane","02QB"
-67.1111,48.8592,187,"St Jean De Cherbourg","Eastern","Matane","02QB"
-67.99,48.577,131,"Padoue","Eastern","Matane","02QB"
-67.8281,48.6623,147,"St Damase De Matane","Eastern","Matane","02QB"
-67.835,48.5824,214,"St Noel","Eastern","Matane","02QB"
-67.8545,48.5496,211,"St Moise","Eastern","Matane","02QB"
-66.1675,49.203,840,"La Martre","Eastern","Matane","02QC"
-66.488,49.1277,839,"Ste Anne Des Monts","Eastern","Matane","02QC"
-66.0677,49.2147,852,"Marsoui","Eastern","Matane","02QC"
-65.725,49.2269,838,"St Maxime Du Mont Louis","Eastern","Matane","02QC"
-65.3551,49.248,856,"Ste Madeleine De La Riviere Madeleine","Eastern","Matane","02QC"
-68.1667,51.8,41,"Gagnon","Eastern","Upper Manicouagan","02TB"
-68.394,49.1264,27,"Chute Aux Outardes","Eastern","Lower aux Outardes","02TE"
-67.8439,49.2986,731,"Franquelin","Eastern","Pentecôte","02UA"
-67.3046,49.4198,15,"Baie Trinite","Eastern","Pentecôte","02UA"
-67.1639,49.7822,117,"Riviere Pentecote","Eastern","Pentecôte","02UA"
-67.0843,52.7954,780,"Fermont","Eastern","Moisie - Coast","02UC"
-64.3325,50.2932,118,"Riviere St Jean","Eastern","Magpie","02VB"
-64.1552,50.2612,78,"Longue Pointe De Mingan","Eastern","Magpie","02VB"
-62.0863,50.2243,1,"Aguanish","Eastern","Aguanus","02WA"
-63.6062,50.2394,50,"Havre St Pierre","Eastern","Aguanus","02WA"
-62.7458,50.3385,13,"Baie Johan Beetz","Eastern","Aguanus","02WA"
-61.8215,50.1854,784,"Natashquan","Eastern","Aguanus","02WA"
-60.669,50.216,785,"La Romaine","Eastern","Olomane","02WC"
-63,49.5,53,"Ile D''Anticosti","Eastern","Anticosti Island","02WD"
-61.9016,47.4043,956,"Fatima","Eastern","Îles de la Madeleine","02WE"
-61.8169,47.4032,993,"Havre Aux Maisons","Eastern","Îles de la Madeleine","02WE"
-61.5527,47.5513,963,"Grande Entree","Eastern","Îles de la Madeleine","02WE"
-61.9505,47.3731,964,"Etang Du Nord","Eastern","Îles de la Madeleine","02WE"
-61.8455,47.2319,966,"Havre Aubert","Eastern","Îles de la Madeleine","02WE"
-61.8714,47.3777,960,"Cap Aux Meules","Eastern","Îles de la Madeleine","02WE"
-61.9487,47.2184,968,"Bassin","Eastern","Îles de la Madeleine","02WE"
-58.9576,50.8336,786,"La Tabatiere","Eastern","Petit Mécatina - Coast","02XA"
-59.6089,50.4702,970,"Kegashka","Eastern","Petit Mécatina - Coast","02XA"
-58.65,51.2167,761,"St Augustin Saguenay","Eastern","St-Augustin - Coast","02XB"
-57.7094,51.4736,994,"Bonne Esperance","Eastern","Saint-Paul - Coast","02XC"
-57.1308,51.4258,787,"Blanc Sablon","Eastern","Strait of Belle Isle - North Shore","02XD"
-73.8384,45.6126,1038,"Boisbriand","St. Lawrence","St. Lawrence Drainage Area","0210"
-73.4707,45.4547,1050,"Brossard","St. Lawrence","St. Lawrence Drainage Area","0210"
-73.8932,45.5418,1099,"Deux Montagnes","St. Lawrence","St. Lawrence Drainage Area","0210"
-73.9434,45.3924,1161,"Ile Perrot","St. Lawrence","St. Lawrence Drainage Area","0210"
-73.7036,45.4378,1210,"Lachine","St. Lawrence","St. Lawrence Drainage Area","0210"
-73.6095,45.5176,1302,"Outremont","St. Lawrence","St. Lawrence Drainage Area","0210"
-73.8095,45.4543,1313,"Pointe Claire","St. Lawrence","St. Lawrence Drainage Area","0210"
-73.287,45.8875,1374,"Lavaltrie","St. Lawrence","St. Lawrence Drainage Area","0210"
-73.2205,45.9582,1486,"St Joseph De Lanoraie","St. Lawrence","St. Lawrence Drainage Area","0210"
-73.5063,45.4923,1494,"St Lambert De Chambly","St. Lawrence","St. Lawrence Drainage Area","0210"
-73.3593,45.8253,1577,"St Sulpice","St. Lawrence","St. Lawrence Drainage Area","0210"
-73.4433,45.6093,1041,"Boucherville","St. Lawrence","St. Lawrence Drainage Area","0210"
-73.5702,45.4302,1601,"Rock Island","St. Lawrence","St. Lawrence Drainage Area","0210"
-73.94,45.4049,1608,"Ste Anne De Bellevue","St. Lawrence","St. Lawrence Drainage Area","0210"
-73.4815,45.4117,1186,"La Prairie","St. Lawrence","St. Lawrence Drainage Area","0210"
-73.1419,46.0845,1191,"La Visitation De L''Ile Dupas","St. Lawrence","St. Lawrence Drainage Area","0210"
-73.6295,45.6933,1684,"Terrebonne","St. Lawrence","St. Lawrence Drainage Area","0210"
-73.4936,45.5385,1234,"Longueuil","St. Lawrence","St. Lawrence Drainage Area","0210"
-72.5445,46.3443,1692,"Trois Rivieres","St. Lawrence","St. Lawrence Drainage Area","0210"
-73.5754,45.4522,1709,"Verdun","St. Lawrence","St. Lawrence Drainage Area","0210"
-73.444,45.739,1328,"Repentigny","St. Lawrence","St. Lawrence Drainage Area","0210"
-73.6289,45.6286,1332,"Riviere Des Prairies","St. Lawrence","St. Lawrence Drainage Area","0210"
-73.126,46.0797,1460,"St Ignace De Loyola","St. Lawrence","St. Lawrence Drainage Area","0210"
-74.1411,45.4011,1498,"St Lazare De Vaudreuil","St. Lawrence","St. Lawrence Drainage Area","0210"
-73.597,45.5887,1500,"St Leonard De Port Maurice","St. Lawrence","St. Lawrence Drainage Area","0210"
-73.5694,45.616,1005,"Anjou","St. Lawrence","St. Lawrence Drainage Area","0210"
-73.8683,45.4309,1020,"Beaconsfield","St. Lawrence","St. Lawrence Drainage Area","0210"
-73.8734,45.3136,1023,"Beauharnois","St. Lawrence","St. Lawrence Drainage Area","0210"
-73.6815,45.4108,1058,"Kahnawake","St. Lawrence","St. Lawrence Drainage Area","0210"
-73.7468,45.3835,1066,"Chateauguay","St. Lawrence","St. Lawrence Drainage Area","0210"
-73.8199,45.4873,1103,"Dollard Des Ormeaux","St. Lawrence","St. Lawrence Drainage Area","0210"
-74.0175,45.3826,1104,"Dorion","St. Lawrence","St. Lawrence Drainage Area","0210"
-73.933,45.3164,1254,"Melocheville","St. Lawrence","St. Lawrence Drainage Area","0210"
-73.6351,45.5866,1271,"Montreal Nord","St. Lawrence","St. Lawrence Drainage Area","0210"
-73.8604,45.4753,1306,"Pierrefonds","St. Lawrence","St. Lawrence Drainage Area","0210"
-73.9846,45.3664,1307,"Pincourt","St. Lawrence","St. Lawrence Drainage Area","0210"
-73.4925,45.6414,1311,"Pointe Aux Trembles","St. Lawrence","St. Lawrence Drainage Area","0210"
-73.1098,46.0413,1354,"Sorel","St. Lawrence","St. Lawrence Drainage Area","0210"
-73.878,45.4849,1556,"St Raphael De L''Ile Bizard","St. Lawrence","St. Lawrence Drainage Area","0210"
-73.1783,46.0806,1637,"Berthierville","St. Lawrence","St. Lawrence Drainage Area","0210"
-73.1507,46.0163,1688,"Tracy","St. Lawrence","St. Lawrence Drainage Area","0210"
-73.6834,45.5025,1496,"Ville St Laurent","St. Lawrence","St. Lawrence Drainage Area","0210"
-73.6496,45.4454,1712,"Ville St Pierre","St. Lawrence","St. Lawrence Drainage Area","0210"
-73.6069,45.4744,1725,"Westmount","St. Lawrence","St. Lawrence Drainage Area","0210"
-74.0308,45.3995,1706,"Vaudreuil","St. Lawrence","St. Lawrence Drainage Area","0210"
-73.3493,45.7722,1708,"Vercheres","St. Lawrence","St. Lawrence Drainage Area","0210"
-73.5606,45.5426,1269,"Montreal","St. Lawrence","St. Lawrence Drainage Area","0210"
-72.5074,46.362,1057,"Cap De La Madeleine","St. Lawrence","St. Lawrence Drainage Area","0210"
-73.75,45.45,1105,"Dorval","St. Lawrence","St. Lawrence Drainage Area","0210"
-73.5474,45.701,1209,"Lachenaie","St. Lawrence","St. Lawrence Drainage Area","0210"
-73.6049,45.4244,1217,"Lasalle","St. Lawrence","St. Lawrence Drainage Area","0210"
-73.7424,45.5906,1220,"Laval","St. Lawrence","St. Lawrence Drainage Area","0210"
-73.1705,46.1651,1592,"St Viateur","St. Lawrence","St. Lawrence Drainage Area","0210"
-73.3427,45.5925,1643,"Ste Julie","St. Lawrence","St. Lawrence Drainage Area","0210"
-73.9326,45.5291,1656,"Ste Marthe Sur Le Lac","St. Lawrence","St. Lawrence Drainage Area","0210"
-73.4232,45.6867,1704,"Varennes","St. Lawrence","St. Lawrence Drainage Area","0210"
-73.785,45.639,1745,"Rosemere","St. Lawrence","St. Lawrence Drainage Area","0210"
-73.646,45.5707,1345,"Sts Martyrs Canadiens","St. Lawrence","St. Lawrence Drainage Area","0210"
-73.9667,45.4333,1350,"Senneville","St. Lawrence","St. Lawrence Drainage Area","0210"
-73.8,45.35,1229,"Lery","St. Lawrence","St. Lawrence Drainage Area","0210"
-73.5147,45.5216,1784,"Lemoyne","St. Lawrence","St. Lawrence Drainage Area","0210"
-73.4621,45.4857,1143,"Greenfield Park","St. Lawrence","St. Lawrence Drainage Area","0210"
-73.8033,45.5053,1341,"Roxboro","St. Lawrence","St. Lawrence Drainage Area","0210"
-73.7567,45.6667,1036,"Bois Des Filion","St. Lawrence","St. Lawrence Drainage Area","0210"
-73.6437,45.5163,1261,"Mont Royal","St. Lawrence","St. Lawrence Drainage Area","0210"
-73.0652,46.0567,1612,"Ste Anne De Sorel","St. Lawrence","St. Lawrence Drainage Area","0210"
-73.5067,45.632,1270,"Montreal Est","St. Lawrence","St. Lawrence Drainage Area","0210"
-70.3208,47.4787,75,"Les Eboulements","St. Lawrence","St. Lawrence Drainage Area","0210"
-70.1551,47.6533,80,"La Malbaie","St. Lawrence","St. Lawrence Drainage Area","0210"
-69.6069,47.769,94,"Notre Dame Du Portage","St. Lawrence","St. Lawrence Drainage Area","0210"
-70.4,47.1,77,"L''Islet Sur Mer","St. Lawrence","St. Lawrence Drainage Area","0210"
-69.4368,47.9876,92,"Notre Dame Des Sept Douleurs","St. Lawrence","St. Lawrence Drainage Area","0210"
-69.7987,47.5894,175,"St Germain De Kamouraska","St. Lawrence","St. Lawrence Drainage Area","0210"
-70.569,47.3086,167,"Petite Riviere St Francois","St. Lawrence","St. Lawrence Drainage Area","0210"
-70.27,47.213,190,"St Jean Port Joli","St. Lawrence","St. Lawrence Drainage Area","0210"
-69.5028,47.9146,174,"St Georges De Cacouna","St. Lawrence","St. Lawrence Drainage Area","0210"
-71.2135,46.8085,282,"Quebec","St. Lawrence","St. Lawrence Drainage Area","0210"
-72.0042,46.5673,763,"Leclercville","St. Lawrence","St. Lawrence Drainage Area","0210"
-70.7361,46.9254,790,"Berthier Sur Mer","St. Lawrence","St. Lawrence Drainage Area","0210"
-70.4568,47.0411,791,"Cap St Ignace","St. Lawrence","St. Lawrence Drainage Area","0210"
-71.1354,46.8966,705,"Boischatel","St. Lawrence","St. Lawrence Drainage Area","0210"
-71.072,46.8877,715,"St Pierre D''Orleans","St. Lawrence","St. Lawrence Drainage Area","0210"
-71.0106,46.8291,806,"St Etienne De Beaumont","St. Lawrence","St. Lawrence Drainage Area","0210"
-70.9124,46.8735,807,"St Michel De Bellechasse","St. Lawrence","St. Lawrence Drainage Area","0210"
-70.826,46.8909,817,"St Vallier","St. Lawrence","St. Lawrence Drainage Area","0210"
-70.2069,47.573,183,"St Irenee","St. Lawrence","St. Lawrence Drainage Area","0210"
-71.2544,46.7798,721,"Sillery","St. Lawrence","St. Lawrence Drainage Area","0210"
-72.0266,46.599,740,"Grondines","St. Lawrence","St. Lawrence Drainage Area","0210"
-71.2336,46.7574,901,"St Romuald","St. Lawrence","St. Lawrence Drainage Area","0210"
-72.2537,46.4948,1019,"Batiscan","St. Lawrence","St. Lawrence Drainage Area","0210"
-70.1795,47.3111,229,"St Roch Des Aulnaies","St. Lawrence","St. Lawrence Drainage Area","0210"
-70.8933,47.045,703,"Beaupre","St. Lawrence","St. Lawrence Drainage Area","0210"
-72.1125,46.5558,913,"Deschaillons Sur St Laurent","St. Lawrence","St. Lawrence Drainage Area","0210"
-70.9001,46.9177,712,"St Jean D''Orleans","St. Lawrence","St. Lawrence Drainage Area","0210"
-70.8137,47.0007,713,"St Francois D''Orleans","St. Lawrence","St. Lawrence Drainage Area","0210"
-70.966,46.9724,716,"Ste Famille","St. Lawrence","St. Lawrence Drainage Area","0210"
-71.7798,46.6708,736,"Cap Sante","St. Lawrence","St. Lawrence Drainage Area","0210"
-71.7411,46.6731,738,"Donnacona","St. Lawrence","St. Lawrence Drainage Area","0210"
-71.933,46.6482,741,"Deschambault","St. Lawrence","St. Lawrence Drainage Area","0210"
-72.2,46.5,1551,"St Pierre Les Becquets","St. Lawrence","St. Lawrence Drainage Area","0210"
-72.3448,46.4409,1060,"Champlain","St. Lawrence","St. Lawrence Drainage Area","0210"
-71.1817,46.8072,895,"Levis","St. Lawrence","St. Lawrence Drainage Area","0210"
-71.4094,46.6998,908,"St Nicolas","St. Lawrence","St. Lawrence Drainage Area","0210"
-69.866,47.5665,62,"Kamouraska","St. Lawrence","St. Lawrence Drainage Area","0210"
-70.038,47.368,69,"La Pocatiere","St. Lawrence","St. Lawrence Drainage Area","0210"
-69.9812,47.4061,218,"St Pacome","St. Lawrence","St. Lawrence Drainage Area","0210"
-71.0907,46.9176,710,"Ange Gardien","St. Lawrence","St. Lawrence Drainage Area","0210"
-70.9275,47.0263,711,"Ste Anne De Beaupre","St. Lawrence","St. Lawrence Drainage Area","0210"
-71.0046,46.8616,714,"St Laurent D''Orleans","St. Lawrence","St. Lawrence Drainage Area","0210"
-71.182,46.865,719,"Beauport","St. Lawrence","St. Lawrence Drainage Area","0210"
-71.5799,46.6983,749,"Neuville","St. Lawrence","St. Lawrence Drainage Area","0210"
-71.9376,46.6142,766,"Lotbiniere","St. Lawrence","St. Lawrence Drainage Area","0210"
-71.7357,46.6223,779,"Ste Croix","St. Lawrence","St. Lawrence Drainage Area","0210"
-71.1338,46.8457,717,"Ste Petronille","St. Lawrence","St. Lawrence Drainage Area","0210"
-70.1422,47.6239,100,"Pointe Au Pic","St. Lawrence","St. Lawrence Drainage Area","0210"
-70.4098,47.3715,54,"St Louis De L''Isle Aux Coudres","St. Lawrence","St. Lawrence Drainage Area","0210"
-69.7281,48.1035,165,"Baie Ste Catherine","St. Lawrence","St. Lawrence Drainage Area","0210"
-70.5422,47.0672,795,"St Antoine De L''Isle Aux Grues","St. Lawrence","St. Lawrence Drainage Area","0210"
-70.3884,47.4182,734,"St Bernard De L''Ile Aux Coudres","St. Lawrence","St. Lawrence Drainage Area","0210"
-70.6653,47.032,962,"Grosse Ile","St. Lawrence","St. Lawrence Drainage Area","0210"
-70.1105,47.6609,21,"Cap A L''Aigle","St. Lawrence","St. Lawrence Drainage Area","0210"
-66.619,50.1344,42,"Gallix","St. Lawrence","St. Lawrence Drainage Area","0210"
-67.8969,48.7196,12,"Baie Des Sables","St. Lawrence","St. Lawrence Drainage Area","0210"
-68.0154,48.6666,82,"Metis Sur Mer","St. Lawrence","St. Lawrence Drainage Area","0210"
-69.4035,48.3457,36,"Escoumins","St. Lawrence","St. Lawrence Drainage Area","0210"
-67.176,48.9359,48,"Grosses Roches","St. Lawrence","St. Lawrence Drainage Area","0210"
-68.4189,49.0439,101,"Pointe Aux Outardes","St. Lawrence","St. Lawrence Drainage Area","0210"
-66.9847,48.9975,76,"Les Mechins","St. Lawrence","St. Lawrence Drainage Area","0210"
-66.8602,50.024,105,"Port Cartier","St. Lawrence","St. Lawrence Drainage Area","0210"
-64.7753,50.2767,110,"Riviere Au Tonnerre","St. Lawrence","St. Lawrence Drainage Area","0210"
-68.1991,49.1596,103,"Pointe Lebel","St. Lawrence","St. Lawrence Drainage Area","0210"
-67.7011,48.7859,236,"St Ulric De Matane","St. Lawrence","St. Lawrence Drainage Area","0210"
-69.1053,48.6157,243,"Ste Anne De Portneuf","St. Lawrence","St. Lawrence Drainage Area","0210"
-69.6943,48.149,274,"Tadoussac","St. Lawrence","St. Lawrence Drainage Area","0210"
-65.8071,49.2222,849,"Mont St Pierre","St. Lawrence","St. Lawrence Drainage Area","0210"
-65.8951,49.2188,855,"Riviere A Claude","St. Lawrence","St. Lawrence Drainage Area","0210"
-66.4094,49.1595,857,"Tourelle","St. Lawrence","St. Lawrence Drainage Area","0210"
-68.464,48.5161,242,"Pointe Au Pere","St. Lawrence","St. Lawrence Drainage Area","0210"
-67.3921,48.8819,249,"Ste Felicite De Matane","St. Lawrence","St. Lawrence Drainage Area","0210"
-68.6361,48.9363,286,"Betsiamites","St. Lawrence","St. Lawrence Drainage Area","0210"
-66.6845,49.0953,841,"Cap Chat","St. Lawrence","St. Lawrence Drainage Area","0210"
-68.1518,49.2229,11,"Baie Comeau","St. Lawrence","St. Lawrence Drainage Area","0210"
-67.5973,49.3231,44,"Godbout","St. Lawrence","St. Lawrence Drainage Area","0210"
-66.0883,50.1917,84,"Moisie","St. Lawrence","St. Lawrence Drainage Area","0210"
-68.5329,49.0706,107,"Ragueneau","St. Lawrence","St. Lawrence Drainage Area","0210"
-68.5262,48.4492,108,"Rimouski","St. Lawrence","St. Lawrence Drainage Area","0210"
-69.236,48.5677,222,"St Paul Du Nord","St. Lawrence","St. Lawrence Drainage Area","0210"
-66.3849,50.2055,271,"Sept Iles","St. Lawrence","St. Lawrence Drainage Area","0210"
-69.1632,48.1274,277,"Trois Pistoles","St. Lawrence","St. Lawrence Drainage Area","0210"
-66.8422,49.0498,22,"Capucins","St. Lawrence","St. Lawrence Drainage Area","0210"
-68.5141,48.4696,137,"Rimouski Est","St. Lawrence","St. Lawrence Drainage Area","0210"
-67.9642,48.6833,74,"Les Boules","St. Lawrence","St. Lawrence Drainage Area","0210"
-78.9139,48.0262,1027,"Bellecombe","Northern Quebec","Upper Ottawa","02JB"
-79.0165,48.3621,1091,"D''Alembert","Northern Quebec","Upper Ottawa","02JB"
-79.2372,47.5491,1004,"Angliers","Northern Quebec","Upper Ottawa","02JB"
-79,47.4,1218,"Latulipe Et Gaboury","Northern Quebec","Upper Ottawa","02JB"
-79.2044,47.7597,1327,"Remigny","Northern Quebec","Upper Ottawa","02JB"
-79.2448,47.9131,1338,"Rollet","Northern Quebec","Upper Ottawa","02JB"
-79.1298,48.241,1118,"Evain","Northern Quebec","Upper Ottawa","02JB"
-78.5408,48.6452,1219,"Launay","Northern Quebec","Upper Ottawa","02JB"
-78.9481,47.5505,1258,"Moffet","Northern Quebec","Upper Ottawa","02JB"
-79.4858,47.594,1297,"Notre Dame Du Nord","Northern Quebec","Upper Ottawa","02JB"
-78.4446,48.5257,1639,"Ste Gertrude De Manneville","Northern Quebec","Upper Ottawa","02JB"
-79.3144,47.6581,1773,"Guerin","Northern Quebec","Upper Ottawa","02JB"
-78.3792,48.2243,1054,"Cadillac","Northern Quebec","Upper Ottawa","02JB"
-78.3618,48.4072,1320,"Preissac","Northern Quebec","Upper Ottawa","02JB"
-79.022,48.2374,1340,"Rouyn Noranda","Northern Quebec","Upper Ottawa","02JB"
-78.717,48.3712,1537,"St Norbert De Mont Brun","Northern Quebec","Upper Ottawa","02JB"
-79.0188,48.2342,1006,"Arntfield","Northern Quebec","Upper Ottawa","02JB"
-79.1525,48.1123,1022,"Beaudry","Northern Quebec","Upper Ottawa","02JB"
-78.9091,48.2143,1252,"Mcwatters","Northern Quebec","Upper Ottawa","02JB"
-78.8672,48.3648,1483,"St Joseph De Clericy","Northern Quebec","Upper Ottawa","02JB"
-79.2521,48.0399,1265,"Montbeillard","Northern Quebec","Upper Ottawa","02JB"
-78.9926,48.1703,1452,"St Guillaume De Granada","Northern Quebec","Upper Ottawa","02JB"
-78.9534,48.4593,1098,"Destor","Northern Quebec","Upper Ottawa","02JB"
-78.727,47.5359,1212,"Laforce","Northern Quebec","Upper Ottawa","02JB"
-78.5686,47.5769,1761,"Winneway","Northern Quebec","Upper Ottawa","02JB"
-79.1514,48.0106,1081,"Cloutier","Northern Quebec","Upper Ottawa","02JB"
-79.4234,47.688,1275,"Nedelec","Northern Quebec","Upper Ottawa","02JC"
-79.3512,47.3525,1287,"Lorrainville","Northern Quebec","Upper Ottawa","02JE"
-79.4379,47.4639,1390,"St Bruno De Guigues","Northern Quebec","Upper Ottawa","02JE"
-79.3674,47.2003,1420,"St Edouard De Fabre","Northern Quebec","Upper Ottawa","02JE"
-79.1001,46.7182,1683,"Temiscaming","Northern Quebec","Upper Ottawa","02JE"
-78.7033,47.3909,1029,"Belleterre","Northern Quebec","Upper Ottawa","02JE"
-79.1996,47.3962,1130,"Fugereville","Northern Quebec","Upper Ottawa","02JE"
-79.3302,47.2894,1553,"Bearn","Northern Quebec","Upper Ottawa","02JE"
-79.4352,47.3301,1713,"Ville Marie","Northern Quebec","Upper Ottawa","02JE"
-79.352,47.5121,1753,"St Eugene De Guigues","Northern Quebec","Upper Ottawa","02JE"
-78.9843,46.7839,1334,"Kipawa","Northern Quebec","Upper Ottawa","02JE"
-79.3085,47.4245,1221,"Laverlochere","Northern Quebec","Upper Ottawa","02JE"
-77.6963,46.1965,1325,"Rapides Des Joachims","Northern Quebec","Central Ottawa","02KA"
-77.4667,46.1833,1126,"Sheen Esher Aberdeen Et Malakoff","Northern Quebec","Central Ottawa","02KA"
-76.7374,45.8408,1125,"Fort Coulonge","Northern Quebec","Central Ottawa","02KC"
-76.6659,45.7454,1137,"Grand Calumet","Northern Quebec","Central Ottawa","02KC"
-76.6601,45.5933,1317,"Portage Du Fort","Northern Quebec","Central Ottawa","02KC"
-76.458,45.5311,1046,"Bristol","Northern Quebec","Central Ottawa","02KC"
-76.6213,45.6786,1051,"Bryson","Northern Quebec","Central Ottawa","02KC"
-77.1433,45.8812,1163,"Isle Aux Allumettes","Northern Quebec","Central Ottawa","02KC"
-76.5972,45.7337,1762,"Campbell''S Bay","Northern Quebec","Central Ottawa","02KC"
-77.0707,45.9091,1760,"Chapeau","Northern Quebec","Central Ottawa","02KC"
-76.58,45.75,1232,"Litchfield","Northern Quebec","Central Ottawa","02KC"
-76.5167,45.65,1076,"Clarendon","Northern Quebec","Central Ottawa","02KC"
-76.0843,45.5498,1316,"Pontiac","Northern Quebec","Central Ottawa","02KF"
-75.8422,45.3905,1014,"Aylmer","Northern Quebec","Central Ottawa","02KF"
-76.7331,45.8525,1797,"Mansfield Et Pontefract","Northern Quebec","Central Ottawa","02KG"
-74.3692,49.9132,1072,"Chibougamau","Northern Quebec","Harricanaw","03AA"
-74.8525,49.7822,1062,"Chapais","Northern Quebec","Harricanaw","03AA"
-77.6847,48.6493,1183,"La Morandiere","Northern Quebec","Harricanaw","03AC"
-77.6258,49.7589,1250,"Matagami","Northern Quebec","Harricanaw","03AC"
-77.24,48.3912,1349,"Senneterre","Northern Quebec","Harricanaw","03AC"
-77.5005,48.588,1061,"Champneuf","Northern Quebec","Harricanaw","03AC"
-77.6368,48.4359,1122,"Fiedmont Et Barraute","Northern Quebec","Harricanaw","03AC"
-76.9815,49.0529,1225,"Lebel Sur Quevillon","Northern Quebec","Harricanaw","03AC"
-77.0329,48.7039,1204,"Lac Parent","Northern Quebec","Harricanaw","03AC"
-77.5012,48.6753,1336,"Rochebaucourt","Northern Quebec","Harricanaw","03AC"
-79.1422,48.7489,1083,"Colombourg","Northern Quebec","Upper Abitibi","04MA"
-79.4932,48.8855,1188,"La Reine","Northern Quebec","Upper Abitibi","04MA"
-79.202,48.6624,1303,"Palmarolle","Northern Quebec","Upper Abitibi","04MA"
-79.4588,48.9518,1495,"St Lambert De Desmeloizes","Northern Quebec","Upper Abitibi","04MA"
-78.8563,48.7284,1012,"Authier","Northern Quebec","Upper Abitibi","04MA"
-79.2052,48.8138,1189,"La Sarre","Northern Quebec","Upper Abitibi","04MA"
-79.0043,48.7559,1239,"Macamic","Northern Quebec","Upper Abitibi","04MA"
-79.0539,48.8638,1469,"Chazel","Northern Quebec","Upper Abitibi","04MA"
-78.8667,48.7833,1028,"Bellefeuille","Northern Quebec","Upper Abitibi","04MA"
-79.17,48.92,1077,"Clermont","Northern Quebec","Upper Abitibi","04MA"
-79.227,48.5035,1112,"Duparquet","Northern Quebec","Upper Abitibi","04MA"
-79.4059,48.6051,1339,"Roquemaure","Northern Quebec","Upper Abitibi","04MA"
-79.3615,48.8298,1465,"St Jacques De Dupuy","Northern Quebec","Upper Abitibi","04MA"
-79.1152,48.6023,1638,"Ste Germaine Boule","Northern Quebec","Upper Abitibi","04MA"
-79.2986,48.7486,1641,"Ste Helene De Mancebourg","Northern Quebec","Upper Abitibi","04MA"
-78.6849,48.6613,1682,"Taschereau","Northern Quebec","Upper Abitibi","04MA"
-79.4441,48.7488,1078,"Clerval","Northern Quebec","Upper Abitibi","04MA"
-79.3652,48.9988,1278,"Normetal","Northern Quebec","Upper Abitibi","04MA"
-78.9854,48.6606,1319,"Poularies","Northern Quebec","Upper Abitibi","04MA"
-79.2887,48.6026,1497,"Gallichan","Northern Quebec","Upper Abitibi","04MA"
-78.6962,48.8073,1759,"Languedoc","Northern Quebec","Upper Abitibi","04MA"
-79.3008,48.5515,1324,"Rapide Danseur","Northern Quebec","Upper Abitibi","04MA"
-78.8595,48.8374,1758,"Authier Nord","Northern Quebec","Upper Abitibi","04MA"
-78.1382,48.4724,1521,"St Mathieu D''Harricana","Northern Quebec","Harricanaw","04NA"
-77.8032,48.1053,1694,"Val D''Or","Northern Quebec","Harricanaw","04NA"
-78.1118,48.5736,1003,"Amos","Northern Quebec","Harricanaw","04NA"
-78.3059,49.458,1165,"Joutel","Northern Quebec","Harricanaw","04NA"
-78.1086,48.329,1184,"La Motte","Northern Quebec","Harricanaw","04NA"
-77.9528,48.5535,1214,"Landrienne","Northern Quebec","Harricanaw","04NA"
-78.1202,48.1355,1241,"Malartic","Northern Quebec","Harricanaw","04NA"
-78.1137,48.6762,1434,"St Felix De Dalquier","Northern Quebec","Harricanaw","04NA"
-77.833,48.1234,1680,"Sullivan","Northern Quebec","Harricanaw","04NA"
-78.2578,48.7196,1715,"Trecesson","Northern Quebec","Harricanaw","04NA"
-78.2167,48.2333,1333,"Riviere Heva","Northern Quebec","Harricanaw","04NA"
-78.0245,48.4543,1516,"St Marc De Figuery","Northern Quebec","Harricanaw","04NA"
-78.3156,48.8379,1032,"Berry","Northern Quebec","Harricanaw","04NA"
-78.4699,48.7782,1145,"Guyenne","Northern Quebec","Harricanaw","04NA"
-77.9952,48.3566,1179,"La Corne","Northern Quebec","Harricanaw","04NA"
-77.9249,48.1074,1107,"Dubuisson","Northern Quebec","Harricanaw","04NA"
-78.1143,48.7667,1416,"St Dominique Du Rosaire","Northern Quebec","Harricanaw","04NA"
-77.6565,48.1949,1702,"Val Senneville","Northern Quebec","Harricanaw","04NA"
-77.9369,48.2279,1705,"Vassan","Northern Quebec","Harricanaw","04NA"
-79.1734,49.108,1021,"Beaucanton","Northern Quebec","Harricanaw","04NB"
-79.1182,48.9809,1701,"Val St Gilles","Northern Quebec","Harricanaw","04NB"
-79.0648,49.158,1714,"Villebois","Northern Quebec","Harricanaw","04NB"
-73.5167,45.3833,1056,"Candiac","South Central","Montreal Island","02OA"
-73.5637,45.3828,1405,"St Constant","South Central","Montreal Island","02OA"
-73.5248,45.3282,1523,"St Mathieu De Laprairie","South Central","Montreal Island","02OA"
-73.62,45.2595,1559,"St Remi De Napierville","South Central","Montreal Island","02OA"
-73.5368,45.3809,1095,"Delson","South Central","Montreal Island","02OA"
-74.1747,45.0867,1159,"Huntingdon","South Central","Montreal Island","02OA"
-73.9236,45.0298,1127,"Franklin","South Central","Montreal Island","02OA"
-73.8,45.25,1542,"Ste Martine","South Central","Montreal Island","02OA"
-73.4742,45.353,1545,"St Philippe De Laprairie","South Central","Montreal Island","02OA"
-73.6801,45.3016,1462,"St Isidore De Laprairie","South Central","Montreal Island","02OA"
-73.7635,45.1018,1473,"St Chrysostome","South Central","Montreal Island","02OA"
-73.9657,45.1027,1514,"St Malachie D''Ormstown","South Central","Montreal Island","02OA"
-73.5878,45.2053,1528,"St Michel De Napierville","South Central","Montreal Island","02OA"
-73.7369,45.2202,1587,"St Urbain Premier","South Central","Montreal Island","02OA"
-73.5659,45.3959,1621,"Ste Catherine D''Alexandrie De Laprairie","South Central","Montreal Island","02OA"
-73.678,45.1582,1627,"Ste Clotilde De Chateauguay","South Central","Montreal Island","02OA"
-73.4182,45.2762,1468,"St Jacques Le Mineur","South Central","Montreal Island","02OA"
-73.8482,45.1838,1690,"Howick","South Central","Montreal Island","02OA"
-73.7581,45.0455,1151,"Havelock","South Central","Montreal Island","02OA"
-73.7432,45.3115,1255,"Mercier","South Central","Montreal Island","02OA"
-73.5104,45.2391,1419,"St Edouard De Napierville","South Central","Montreal Island","02OA"
-74.1,45.05,1154,"Hinchinbrooke","South Central","Montreal Island","02OA"
-71.8712,46.0204,1007,"St Christophe D''Arthabaska","South Central","Nicolet","02OD"
-71.6482,45.9036,1146,"Ham Nord","South Central","Nicolet","02OD"
-72.0045,45.8365,1168,"Kingsey","South Central","Nicolet","02OD"
-71.7241,45.8208,1357,"St Adrien","South Central","Nicolet","02OD"
-72.0933,46,1361,"St Albert De Warwick","South Central","Nicolet","02OD"
-72.6255,46.0583,1596,"St Zephirin De Courval","South Central","Nicolet","02OD"
-72.0247,45.7858,1092,"Danville","South Central","Nicolet","02OD"
-72.4806,46.0272,1620,"Ste Brigitte Des Saults","South Central","Nicolet","02OD"
-72.24,45.9898,1628,"Ste Clotilde De Horton","South Central","Nicolet","02OD"
-71.9468,45.7758,1008,"Asbestos","South Central","Nicolet","02OD"
-71.82,45.97,1071,"Chesterville","South Central","Nicolet","02OD"
-72.6174,46.2254,1277,"Nicolet","South Central","Nicolet","02OD"
-72.3438,46.0013,1293,"Notre Dame Du Bon Conseil","South Central","Nicolet","02OD"
-71.8234,45.8641,1560,"St Remi De Tingwick","South Central","Nicolet","02OD"
-71.8444,45.6983,1444,"St Georges De Windsor","South Central","Nicolet","02OD"
-72.4659,46.0807,1659,"Ste Perpetue De Nicolet","South Central","Nicolet","02OD"
-71.8908,45.7941,1691,"Trois Lacs","South Central","Nicolet","02OD"
-72.269,45.8739,1511,"St Lucien","South Central","Nicolet","02OD"
-71.9596,46.0566,1710,"Victoriaville","South Central","Nicolet","02OD"
-72.0035,45.9532,1718,"Warwick","South Central","Nicolet","02OD"
-71.8088,45.7382,1728,"Wotton","South Central","Nicolet","02OD"
-72.0789,45.9238,1632,"Ste Elisabeth De Warwick","South Central","Nicolet","02OD"
-72.184,45.9195,1666,"Ste Seraphine","South Central","Nicolet","02OD"
-72.0754,45.8539,1169,"Kingsey Falls","South Central","Nicolet","02OD"
-71.705,45.6845,1393,"St Camille","South Central","Nicolet","02OD"
-72.4643,45.8994,1399,"St Charles De Drummond","South Central","Nicolet","02OD"
-72.4281,45.9331,1408,"St Cyrille De Wendover","South Central","Nicolet","02OD"
-72.3704,46.1074,1501,"St Leonard D''Aston","South Central","Nicolet","02OD"
-72.2045,46.0694,1567,"St Samuel","South Central","Nicolet","02OD"
-72.0953,46.0655,1589,"St Valere","South Central","Nicolet","02OD"
-72.5405,46.1571,1658,"Ste Monique De Nicolet","South Central","Nicolet","02OD"
-71.945,45.8816,1687,"Tingwick","South Central","Nicolet","02OD"
-72.7025,46.0586,1424,"St Elphege","South Central","Nicolet","02OD"
-71.6015,45.972,1436,"St Fortunat","South Central","Nicolet","02OD"
-72.6056,46.1288,1192,"La Visitation De Yamaska","South Central","Nicolet","02OD"
-71.7339,45.9085,1286,"Notre Dame De Lourdes De Ham","South Central","Nicolet","02OD"
-71.6043,45.7575,1485,"St Joseph De Ham Sud","South Central","Nicolet","02OD"
-72.7194,46.1387,1017,"Baie Du Febvre","South Central","Nicolet","02OD"
-71.82,46.1,1536,"Norbertville","South Central","Nicolet","02OD"
-71.7095,46.0316,1070,"Chester Est","South Central","Nicolet","02OD"
-72.3265,45.2202,1039,"Bolton Est","South Central","Saint-Francois","02OE"
-71.8023,45.1323,1082,"Coaticook","South Central","Saint-Francois","02OE"
-71.598,45.3647,1116,"Eaton","South Central","Saint-Francois","02OE"
-71.8492,45.4095,1123,"Fleurimont","South Central","Saint-Francois","02OE"
-71.9367,45.1859,1149,"Hatley","South Central","Saint-Francois","02OE"
-71.4833,45.3833,1276,"Newport","South Central","Saint-Francois","02OE"
-71.5019,45.2004,1515,"St Malo","South Central","Saint-Francois","02OE"
-71.0913,45.8428,1213,"Lambton","South Central","Saint-Francois","02OE"
-71.8562,45.3666,1228,"Lennoxville","South Central","Saint-Francois","02OE"
-71.461,45.7011,1721,"Weedon Centre","South Central","Saint-Francois","02OE"
-71.8833,45.1071,1741,"Barnston","South Central","Saint-Francois","02OE"
-71.021,45.6302,1274,"Nantes","South Central","Saint-Francois","02OE"
-71.9746,45.2779,1279,"North Hatley","South Central","Saint-Francois","02OE"
-71.5674,45.338,1795,"Sawyerville","South Central","Saint-Francois","02OE"
-71.9903,45.3488,1337,"Rock Forest","South Central","Saint-Francois","02OE"
-70.9668,45.9413,1432,"St Evariste De Forsyth","South Central","Saint-Francois","02OE"
-71.5132,45.2646,1463,"St Isidore D''Auckland","South Central","Saint-Francois","02OE"
-71.8433,45.3421,1009,"Ascot","South Central","Saint-Francois","02OE"
-72.0392,45.1679,1013,"Ayer''S Cliff","South Central","Saint-Francois","02OE"
-71.8287,45.2353,1084,"Compton","South Central","Saint-Francois","02OE"
-72.0333,45.3333,1094,"Deauville","South Central","Saint-Francois","02OE"
-71.3599,45.9016,1101,"Disraeli","South Central","Saint-Francois","02OE"
-71.6034,45.5855,1108,"Dudswell","South Central","Saint-Francois","02OE"
-71.33,45.58,1231,"Lingwick","South Central","Saint-Francois","02OE"
-71.7196,45.2792,1247,"Martinville","South Central","Saint-Francois","02OE"
-71.276,45.5231,1348,"Scotstown","South Central","Saint-Francois","02OE"
-71.0956,45.7865,1565,"St Romain","South Central","Saint-Francois","02OE"
-71.412,45.7581,1445,"St Gerard","South Central","Saint-Francois","02OE"
-72.0661,45.2321,1622,"Ste Catherine De Hatley","South Central","Saint-Francois","02OE"
-71.2824,45.7806,1678,"Stratford","South Central","Saint-Francois","02OE"
-71.7679,45.0927,1524,"St Mathieu De Dixville","South Central","Saint-Francois","02OE"
-71.8909,45.2774,1720,"Waterville","South Central","Saint-Francois","02OE"
-71.6591,45.4838,1724,"East Angus","South Central","Saint-Francois","02OE"
-70.9717,45.7808,1569,"St Sebastien De Frontenac","South Central","Saint-Francois","02OE"
-71.7682,45.4493,1738,"Ascot Corner","South Central","Saint-Francois","02OE"
-72.1125,45.2905,1764,"Omerville","South Central","Saint-Francois","02OE"
-72.1407,45.0053,1789,"Beebe Plain","South Central","Saint-Francois","02OE"
-71.1578,45.7103,1677,"Stornoway","South Central","Saint-Francois","02OE"
-71.38,45.83,1024,"Beaulac","South Central","Saint-Francois","02OE"
-71.4969,45.4733,1053,"Bury","South Central","Saint-Francois","02OE"
-70.9865,45.8713,1089,"Courcelles","South Central","Saint-Francois","02OE"
-71.2523,45.403,1102,"Ditton","South Central","Saint-Francois","02OE"
-72.1355,45.2621,1240,"Magog","South Central","Saint-Francois","02OE"
-71.0735,45.3946,1291,"Notre Dame Des Bois","South Central","Saint-Francois","02OE"
-71.8917,45.4038,1353,"Sherbrooke","South Central","Saint-Francois","02OE"
-71.6737,45.1066,1454,"St Hermenegilde","South Central","Saint-Francois","02OE"
-71.3749,45.9667,1484,"St Joseph De Coleraine","South Central","Saint-Francois","02OE"
-72.0924,45.0189,1599,"Stanstead","South Central","Saint-Francois","02OE"
-71.6822,45.2043,1630,"Ste Edwidge De Clifton","South Central","Saint-Francois","02OE"
-71.2494,45.9006,1660,"Ste Praxede","South Central","Saint-Francois","02OE"
-71.6285,45.4138,1756,"Cookshire","South Central","Saint-Francois","02OE"
-72.2727,45.1684,1739,"St Benoit Du Lac","South Central","Saint-Francois","02OE"
-71.5756,45.5837,1755,"Bishopton","South Central","Saint-Francois","02OE"
-70.857,45.8652,1455,"St Hilaire De Dorset","South Central","Saint-Francois","02OE"
-71.1263,45.5919,1257,"Milan","South Central","Saint-Francois","02OE"
-72.2803,45.1841,1011,"Austin","South Central","Saint-Francois","02OE"
-71.2074,45.2961,1065,"Chartierville","South Central","Saint-Francois","02OE"
-72.6846,45.9641,1388,"St Bonaventure","South Central","Saint-Francois","02OF"
-72.0839,45.4582,1413,"St Denis De Brompton","South Central","Saint-Francois","02OF"
-72.8325,46.067,1438,"St Francois Du Lac","South Central","Saint-Francois","02OF"
-72.0497,45.5343,1439,"St Francois Xavier De Brompton","South Central","Saint-Francois","02OF"
-72.4201,45.8292,1534,"St Nicephore","South Central","Saint-Francois","02OF"
-72.2994,45.7552,1175,"L''Avenir","South Central","Saint-Francois","02OF"
-72.4805,45.7566,1726,"Wickham","South Central","Saint-Francois","02OF"
-72.1409,45.6604,1752,"Richmond","South Central","Saint-Francois","02OF"
-72.5702,45.8423,1448,"St Germain De Grantham","South Central","Saint-Francois","02OF"
-72.5515,45.9738,1480,"St Joachim De Courval","South Central","Saint-Francois","02OF"
-71.98,45.52,1048,"Brompton","South Central","Saint-Francois","02OF"
-72.4836,45.8818,1106,"Drummondville","South Central","Saint-Francois","02OF"
-72.2962,45.5553,1245,"Maricourt","South Central","Saint-Francois","02OF"
-71.9779,45.6591,1401,"St Claude","South Central","Saint-Francois","02OF"
-72.82,46.07,1583,"St Thomas De Pierreville","South Central","Saint-Francois","02OF"
-71.8062,45.5339,1676,"Stoke","South Central","Saint-Francois","02OF"
-71.9947,45.5691,1727,"Windsor","South Central","Saint-Francois","02OF"
-72.0055,45.5689,1748,"St Gregoire De Greenlay","South Central","Saint-Francois","02OF"
-72.1727,45.6159,1253,"Melbourne","South Central","Saint-Francois","02OF"
-72.042,45.395,1423,"St Elie D''Orford","South Central","Saint-Francois","02OF"
-72.2336,45.722,1693,"Ulverton","South Central","Saint-Francois","02OF"
-72.8196,46.0712,1788,"Odanak","South Central","Saint-Francois","02OF"
-72.8797,46.1053,1288,"Notre Dame De Pierreville","South Central","Saint-Francois","02OF"
-72.748,46.0026,1547,"St Pie De Guire","South Central","Saint-Francois","02OF"
-72.14,45.5869,1766,"Kingsbury","South Central","Saint-Francois","02OF"
-72.4113,45.7113,1226,"Lefebvre","South Central","Saint-Francois","02OF"
-72.5843,45.9306,1513,"St Majorique De Grantham","South Central","Saint-Francois","02OF"
-72.3415,45.4228,1223,"Lawrenceville","South Central","Yamaska","02OG"
-72.2527,45.5041,1323,"Racine","South Central","Yamaska","02OG"
-72.4865,45.5231,1342,"Roxton","South Central","Yamaska","02OG"
-73.0119,45.5262,1409,"St Damase De St Hyacinthe","South Central","Yamaska","02OG"
-72.6976,45.8046,1430,"St Eugene De Grantham","South Central","Yamaska","02OG"
-72.7716,45.8814,1450,"St Guillaume D''Upton","South Central","Yamaska","02OG"
-72.9469,45.6303,1459,"St Hyacinthe","South Central","Yamaska","02OG"
-72.5278,45.4523,1481,"St Joachim De Shefford","South Central","Yamaska","02OG"
-72.9,46,1529,"St Michel D''Yamaska","South Central","Yamaska","02OG"
-72.9997,45.9716,1561,"St Robert","South Central","Yamaska","02OG"
-72.5887,45.6854,1580,"St Theodore D''Acton","South Central","Yamaska","02OG"
-72.6588,45.3175,1047,"Bromont","South Central","Yamaska","02OG"
-72.7964,45.1264,1111,"Dunham","South Central","Yamaska","02OG"
-73.0626,45.3213,1619,"Ste Brigide D''Iberville","South Central","Yamaska","02OG"
-72.7257,45.4012,1136,"Granby","South Central","Yamaska","02OG"
-72.899,45.6449,1662,"Ste Rosalie","South Central","Yamaska","02OG"
-72.3057,45.405,1224,"Bonsecours","South Central","Yamaska","02OG"
-72.3172,45.4967,1703,"Valcourt","South Central","Yamaska","02OG"
-72.5685,45.6479,1370,"Acton Vale","South Central","Yamaska","02OG"
-72.9356,45.3566,1372,"Ange Gardien De Rouville","South Central","Yamaska","02OG"
-72.8454,45.2464,1045,"Brigham","South Central","Yamaska","02OG"
-72.7493,45.2066,1090,"Cowansville","South Central","Yamaska","02OG"
-72.3422,45.662,1113,"Durham Sud","South Central","Yamaska","02OG"
-72.9758,45.2836,1119,"Farnham","South Central","Yamaska","02OG"
-72.7904,45.3131,1365,"St Alphonse","South Central","Yamaska","02OG"
-73.0045,45.4111,1396,"St Cesaire","South Central","Yamaska","02OG"
-72.8529,45.5646,1415,"St Dominique De Bagot","South Central","Yamaska","02OG"
-72.7133,45.5655,1590,"St Valerien De Milton","South Central","Yamaska","02OG"
-72.4304,45.6157,1626,"Ste Christine De Bagot","South Central","Yamaska","02OG"
-72.8568,45.7954,1458,"St Hugues","South Central","Yamaska","02OG"
-72.6615,45.4758,1661,"Roxton Pond","South Central","Yamaska","02OG"
-73.0885,45.9489,1675,"Ste Victoire De Sorel","South Central","Yamaska","02OG"
-72.52,45.3442,1719,"Waterloo","South Central","Yamaska","02OG"
-72.8733,45.735,1573,"St Simon De Bagot","South Central","Yamaska","02OG"
-72.9942,45.6495,1582,"St Thomas D''Aquin","South Central","Yamaska","02OG"
-73.0499,45.6641,1187,"La Presentation","South Central","Yamaska","02OG"
-72.5981,45.223,1194,"Lac Brome","South Central","Yamaska","02OG"
-72.8558,45.9555,1411,"St David D''Yamaska","South Central","Yamaska","02OG"
-72.6738,45.8816,1418,"St Edmond De Grantham","South Central","Yamaska","02OG"
-72.7638,45.6506,1502,"St Liboire","South Central","Yamaska","02OG"
-72.8846,45.4368,1541,"St Paul D''Abbotsford","South Central","Yamaska","02OG"
-72.8988,45.5125,1546,"St Pie","South Central","Yamaska","02OG"
-72.4041,45.4054,1610,"Ste Anne De Larochelle","South Central","Yamaska","02OG"
-72.7478,45.4825,1624,"Ste Cecile De Milton","South Central","Yamaska","02OG"
-72.9874,45.7743,1491,"St Jude","South Central","Yamaska","02OG"
-72.9307,45.9112,1359,"Massueville","South Central","Yamaska","02OG"
-72.7378,45.7312,1640,"Ste Helene De Bagot","South Central","Yamaska","02OG"
-72.6778,45.6689,1425,"St Ephrem D''Upton","South Central","Yamaska","02OG"
-72.4272,45.5116,1033,"Bethanie","South Central","Yamaska","02OG"
-72.8985,45.8601,1518,"St Marcel De Richelieu","South Central","Yamaska","02OG"
-72.9222,45.7301,1380,"St Barnabe Sud","South Central","Yamaska","02OG"
-72.978,45.8537,1505,"St Louis","South Central","Yamaska","02OG"
-72.8397,46.0056,1781,"St Gerard D''Yamaska","South Central","Yamaska","02OG"
-72.6221,45.7398,1533,"St Nazaire D''Acton","South Central","Yamaska","02OG"
-72.9075,45.4919,1664,"Ste Sabine De Missisquoi","South Central","Yamaska","02OG"
-73.0312,45.1708,1290,"Notre Dame De Stanbridge","South Central","Lake Champlain","02OH"
-72.9941,45.1171,1026,"Bedford","South Central","Lake Champlain","02OH"
-72.8375,45.0555,1128,"Frelighsburg","South Central","Lake Champlain","02OH"
-72.9157,45.1216,1598,"Stanbridge","South Central","Lake Champlain","02OH"
-72.8908,45.0458,1304,"St Armand","South Central","Lake Champlain","02OH"
-73.1266,45.0817,1707,"Venise En Quebec","South Central","Lake Champlain","02OH"
-73.0746,45.0391,1770,"Philipsburg","South Central","Lake Champlain","02OH"
-72.9467,45.1723,1461,"St Ignace De Stanbridge","South Central","Lake Champlain","02OH"
-73.0699,45.1243,1550,"St Pierre De Verone A Pike River","South Central","Lake Champlain","02OH"
-72.3845,45.2675,1428,"St Etienne De Bolton","South Central","Lake Champlain","02OH"
-72.322,45.3005,1115,"Eastman","South Central","Lake Champlain","02OH"
-72.6122,45.1048,1681,"Sutton","South Central","Lake Champlain","02OH"
-72.361,45.1477,1318,"Potton","South Central","Lake Champlain","02OH"
-72.6643,45.0408,1001,"Abercorn","South Central","Lake Champlain","02OH"
-73.1996,45.568,1030,"Beloeil","South Central","Richelieu","02OJ"
-73.2932,45.4508,1059,"Chambly","South Central","Richelieu","02OJ"
-73.241,45.3046,1377,"Iberville","South Central","Richelieu","02OJ"
-73.183,45.6874,1397,"St Charles Sur Richelieu","South Central","Richelieu","02OJ"
-73.5246,45.1651,1539,"St Patrice De Sherrington","South Central","Richelieu","02OJ"
-73.1037,45.391,1605,"Ste Angele De Monnoir","South Central","Richelieu","02OJ"
-73.1602,45.4315,1653,"Marieville","South Central","Richelieu","02OJ"
-73.3433,45.3156,1171,"L''Acadie","South Central","Richelieu","02OJ"
-73.1575,45.5324,1262,"Mont St Hilaire","South Central","Richelieu","02OJ"
-73.201,45.5449,1768,"Otterburn Park","South Central","Richelieu","02OJ"
-73.1323,45.2325,1362,"St Alexandre D''Iberville","South Central","Richelieu","02OJ"
-73.1774,45.7759,1376,"St Antoine Sur Richelieu","South Central","Richelieu","02OJ"
-73.3926,45.4699,1457,"St Hubert De Chambly","South Central","Richelieu","02OJ"
-73.3,45.3586,1509,"St Luc De St Jean","South Central","Richelieu","02OJ"
-73.5845,45.0475,1152,"Hemmingford","South Central","Richelieu","02OJ"
-73.4129,45.0837,1386,"St Bernard De Lacolle","South Central","Richelieu","02OJ"
-73.2873,45.2113,1387,"St Blaise Sur Richelieu","South Central","Richelieu","02OJ"
-73.341,45.5266,1391,"St Bruno De Montarville","South Central","Richelieu","02OJ"
-73.4046,45.1851,1407,"Napierville","South Central","Richelieu","02OJ"
-73.1561,45.7837,1412,"St Denis Sur Richelieu","South Central","Richelieu","02OJ"
-73.2471,45.061,1443,"St Georges De Clarenceville","South Central","Richelieu","02OJ"
-73.2303,45.2073,1611,"Ste Anne De Sabrevois","South Central","Richelieu","02OJ"
-73.1407,45.8756,1538,"St Ours","South Central","Richelieu","02OJ"
-73.1256,46.0423,1777,"St Joseph De Sorel","South Central","Richelieu","02OJ"
-73.3243,45.1281,1588,"St Valentin","South Central","Richelieu","02OJ"
-73.227,45.8484,1086,"Contrecoeur","South Central","Richelieu","02OJ"
-73.3714,45.0775,1296,"Notre Dame Du Mont Carmel","South Central","Richelieu","02OJ"
-73.3004,45.6564,1367,"St Amable","South Central","Richelieu","02OJ"
-73.2843,45.523,1383,"St Basile Le Grand","South Central","Richelieu","02OJ"
-73.1219,45.5186,1471,"St Jean Baptiste De Rouville","South Central","Richelieu","02OJ"
-73.2557,45.3086,1478,"St Jean Sur Richelieu","South Central","Richelieu","02OJ"
-73.2667,45.4731,1520,"St Mathias Sur Richelieu","South Central","Richelieu","02OJ"
-73.0928,45.5927,1648,"Ste Madeleine","South Central","Richelieu","02OJ"
-73.2234,45.5489,1743,"Mc Masterville","South Central","Richelieu","02OJ"
-73.2499,45.4396,1785,"Richelieu","South Central","Richelieu","02OJ"
-73.3686,45.0674,1295,"Lacolle","South Central","Richelieu","02OJ"
-73.1929,45.6769,1517,"St Marc Sur Richelieu","South Central","Richelieu","02OJ"
-73.1562,45.8896,1787,"St Roch De Richelieu","South Central","Richelieu","02OJ"
-73.2802,45.1399,1543,"St Paul De L''Ile Aux Noix","South Central","Richelieu","02OJ"
-73.149,45.1253,1570,"St Sebastien D''Iberville","South Central","Richelieu","02OJ"
-73.1942,45.1327,1153,"Henryville","South Central","Richelieu","02OJ"
-73.1594,45.3354,1449,"Mont St Gregoire","South Central","Richelieu","02OJ"
-73.2817,45.7461,1055,"Calixa Lavallee","South Central","Richelieu","02OJ"
-73.0617,45.8264,1385,"St Bernard Sud","South Central","Richelieu","02OJ"
-73.0667,45.4333,1530,"St Michel De Rougemont","South Central","Richelieu","02OJ"
-70.2747,47.0352,146,"St Cyrille De Lessard","South Central","Etchemin","02PH"
-70.5679,46.9702,792,"Montmagny","South Central","Etchemin","02PH"
-70.4435,46.7719,802,"Ste Euphemie Sur Riviere Du Sud","South Central","Etchemin","02PH"
-70.7577,46.7946,805,"St Raphael","South Central","Etchemin","02PH"
-70.8927,46.7141,815,"St Gervais","South Central","Etchemin","02PH"
-70.7154,46.8873,797,"St Francois De La Riviere Du Sud","South Central","Etchemin","02PH"
-70.3964,46.8244,799,"Notre Dame Du Rosaire","South Central","Etchemin","02PH"
-70.6507,46.9298,801,"St Pierre De La Riviere Du Sud","South Central","Etchemin","02PH"
-70.5893,46.7431,804,"Armagh","South Central","Etchemin","02PH"
-70.5467,46.6183,808,"Notre Dame Auxiliatrice De Buckland","South Central","Etchemin","02PH"
-70.7265,46.7251,816,"St Neree","South Central","Etchemin","02PH"
-70.4534,46.6791,812,"St Philemon","South Central","Etchemin","02PH"
-70.3654,46.7266,789,"St Paul De Montminy","South Central","Etchemin","02PH"
-70.7653,46.5269,702,"St Malachie","South Central","Etchemin","02PH"
-70.8542,46.8355,810,"La Durantaye","South Central","Etchemin","02PH"
-70.6606,46.6243,811,"St Damien De Buckland","South Central","Etchemin","02PH"
-70.8077,46.6526,813,"St Lazare De Bellechasse","South Central","Etchemin","02PH"
-70.9866,46.5561,951,"Ste Henedine","South Central","Etchemin","02PH"
-71.0706,46.6916,896,"St Henri","South Central","Etchemin","02PH"
-71.123,46.751,899,"Pintendre","South Central","Etchemin","02PH"
-71.1985,46.7178,906,"St Jean Chrysostome","South Central","Etchemin","02PH"
-70.8857,46.6523,809,"Honfleur","South Central","Etchemin","02PH"
-70.9433,46.7711,814,"St Charles De Bellechasse","South Central","Etchemin","02PH"
-70.8081,46.4592,920,"St Edouard De Frampton","South Central","Etchemin","02PH"
-71.0914,46.5847,934,"St Isidore De Dorchester","South Central","Etchemin","02PH"
-70.5083,46.3968,922,"Lac Etchemin","South Central","Etchemin","02PH"
-70.6192,46.4774,939,"St Leon De Standon","South Central","Etchemin","02PH"
-70.8686,46.5971,948,"Ste Claire","South Central","Etchemin","02PH"
-70.9761,46.6278,949,"St Anselme","South Central","Etchemin","02PH"
-70.6653,46.5512,942,"St Nazaire De Dorchester","South Central","Etchemin","02PH"
-71.3603,46.5063,775,"St Gilles","South Central","Chaudière","02PJ"
-71.23,46.47,777,"St Narcisse De Beaurivage","South Central","Chaudière","02PJ"
-71.2279,46.3623,778,"St Sylvestre","South Central","Chaudière","02PJ"
-71.2276,46.6741,898,"Ste Helene De Breakeyville","South Central","Chaudière","02PJ"
-71.2109,46.5884,904,"St Lambert De Lauzon","South Central","Chaudière","02PJ"
-71.0514,46.1935,916,"East Broughton","South Central","Chaudière","02PJ"
-70.3662,46.1255,926,"St Zacharie","South Central","Chaudière","02PJ"
-70.8303,46.1563,927,"St Alfred","South Central","Chaudière","02PJ"
-70.6056,46.2762,928,"St Benjamin","South Central","Chaudière","02PJ"
-71.1394,46.498,930,"St Bernard De Dorchester","South Central","Chaudière","02PJ"
-70.8297,45.9615,933,"St Honore De Shenley","South Central","Chaudière","02PJ"
-70.6774,46.3573,943,"St Odilon De Cranbourne","South Central","Chaudière","02PJ"
-71.0556,46.3253,944,"St Severin De Beauce","South Central","Chaudière","02PJ"
-71.0214,46.4372,953,"Ste Marie De Beauce","South Central","Chaudière","02PJ"
-71.2284,46.404,893,"St Patrice De Beaurivage","South Central","Chaudière","02PJ"
-71.284,46.6973,909,"St Redempteur","South Central","Chaudière","02PJ"
-70.7811,46.2116,915,"Beauceville","South Central","Chaudière","02PJ"
-70.978,46.2954,932,"St Frederic","South Central","Chaudière","02PJ"
-70.9468,46.2224,937,"St Jules De Beauce","South Central","Chaudière","02PJ"
-70.3311,46.2646,938,"St Louis De Gonzague De Dorchester","South Central","Chaudière","02PJ"
-70.9396,46.5084,952,"Ste Marguerite De Dorchester","South Central","Chaudière","02PJ"
-70.4267,46.3195,954,"Ste Rose De Watford","South Central","Chaudière","02PJ"
-71.07,46.5,957,"Scott","South Central","Chaudière","02PJ"
-70.9953,46.271,958,"Tring Jonction","South Central","Chaudière","02PJ"
-71.4399,46.5591,772,"St Agapit","South Central","Chaudière","02PJ"
-70.7368,45.6561,1010,"Audet","South Central","Chaudière","02PJ"
-70.7084,46.1845,823,"Notre Dame Des Pins","South Central","Chaudière","02PJ"
-71.2695,46.7125,900,"Charny","South Central","Chaudière","02PJ"
-71.3037,46.6508,902,"St Etienne De Lauzon","South Central","Chaudière","02PJ"
-70.8497,45.7171,1200,"Lac Drolet","South Central","Chaudière","02PJ"
-70.8627,45.386,1379,"St Augustin De Woburn","South Central","Chaudière","02PJ"
-70.9546,46.0583,918,"St Ephrem De Tring","South Central","Chaudière","02PJ"
-70.6691,46.1184,919,"St Georges De Beauce","South Central","Chaudière","02PJ"
-70.525,46.0588,923,"Liniere","South Central","Chaudière","02PJ"
-70.7918,46.0691,929,"St Benoit Labre","South Central","Chaudière","02PJ"
-71.0804,46.3948,940,"St Luc De Dorchester","South Central","Chaudière","02PJ"
-70.6814,46.2105,945,"St Simon Les Mines","South Central","Chaudière","02PJ"
-70.489,45.938,946,"St Theophile","South Central","Chaudière","02PJ"
-70.9055,46.1467,947,"St Victor De Tring","South Central","Chaudière","02PJ"
-70.6431,45.8552,1441,"St Gedeon De Beauce","South Central","Chaudière","02PJ"
-70.9557,45.675,1625,"Ste Cecile De Whitton","South Central","Chaudière","02PJ"
-70.6976,45.7426,1512,"St Ludger","South Central","Chaudière","02PJ"
-71.0762,46.0457,1527,"St Methode De Frontenac","South Central","Chaudière","02PJ"
-71.0614,46.4065,917,"St Elzear De Beauce","South Central","Chaudière","02PJ"
-70.4836,46.2092,924,"St Prosper De Dorchester","South Central","Chaudière","02PJ"
-70.7061,46.0465,935,"St Jean De La Lande De Beauce","South Central","Chaudière","02PJ"
-70.8796,46.3082,936,"St Joseph De Beauce","South Central","Chaudière","02PJ"
-70.65,45.97,941,"St Martin","South Central","Chaudière","02PJ"
-71.0302,46.1238,950,"Ste Clotilde De Beauce","South Central","Chaudière","02PJ"
-70.8761,46.416,955,"Sts Anges","South Central","Chaudière","02PJ"
-70.9227,46.3746,959,"Vallee Jonction","South Central","Chaudière","02PJ"
-70.3584,46.1776,979,"Ste Aurelie","South Central","Chaudière","02PJ"
-70.937,45.9608,1180,"La Guadeloupe","South Central","Chaudière","02PJ"
-70.8904,45.578,1202,"Lac Megantic","South Central","Chaudière","02PJ"
-70.5864,45.7497,1562,"St Robert Bellarmin","South Central","Chaudière","02PJ"
-71.0754,45.4851,1700,"Val Racine","South Central","Chaudière","02PJ"
-70.5481,46.1377,977,"St Philibert","South Central","Chaudière","02PJ"
-70.8313,45.5715,1129,"Frontenac","South Central","Chaudière","02PJ"
-71.1773,46.1329,1344,"Sacre Coeur De Marie","South Central","Chaudière","02PJ"
-70.9062,45.488,1308,"Piopolis","South Central","Chaudière","02PJ"
-70.6184,46.0103,978,"St Rene","South Central","Chaudière","02PJ"
-70.9467,45.5517,1246,"Marston","South Central","Chaudière","02PJ"
-71.8336,46.5701,771,"St Edouard De Lotbiniere","South Central","Chêne","02PK"
-71.598,46.5142,774,"St Flavien","South Central","Chêne","02PK"
-71.5734,46.6624,769,"St Antoine De Tilly","South Central","Chêne","02PK"
-71.6811,46.4903,776,"St Janvier De Joly","South Central","Chêne","02PK"
-71.5315,46.4661,762,"St Octave De Dosquet","South Central","Chêne","02PK"
-71.7547,46.4154,764,"Val Alain","South Central","Chêne","02PK"
-71.6259,46.5779,765,"Issoudun","South Central","Chêne","02PK"
-71.5833,46.6333,1765,"La Plaine","South Central","Chêne","02PK"
-71.4106,46.3832,770,"Ste Agathe De Lotbiniere","South Central","Chêne","02PK"
-71.5087,46.6131,773,"St Apollinaire","South Central","Chêne","02PK"
-71.9857,46.4455,910,"Ste Francoise De Lotbiniere","South Central","Chêne","02PK"
-71.8751,46.388,903,"Villeroy","South Central","Chêne","02PK"
-72.1809,46.3239,1652,"Ste Marie De Blandford","South Central","Chêne","02PK"
-72.1107,46.2972,1227,"Lemieux","South Central","Chêne","02PK"
-72.0087,46.3667,1482,"St Joseph De Blandford","South Central","Chêne","02PK"
-72.062,46.5201,912,"Parisville","South Central","Chêne","02PK"
-72.1605,46.4671,1623,"Ste Cecile De Levrard","South Central","Chêne","02PK"
-72.0319,46.4865,911,"Fortierville","South Central","Chêne","02PK"
-72.1081,46.4295,1669,"Ste Sophie De Levrard","South Central","Chêne","02PK"
-71.2101,46.2437,976,"St Pierre De Broughton","South Central","Bécancour","02PL"
-71.356,46.0415,1034,"Black Lake","South Central","Bécancour","02PL"
-72.1383,46.2005,1093,"Daveluyville","South Central","Bécancour","02PL"
-71.8767,46.1714,1322,"Princeville","South Central","Bécancour","02PL"
-71.4528,46.1094,1358,"St Adrien D''Irlande","South Central","Bécancour","02PL"
-71.5321,45.9948,1492,"St Julien","South Central","Bécancour","02PL"
-71.5733,46.106,1031,"Bernierville","South Central","Bécancour","02PL"
-72.3225,46.161,1594,"St Wenceslas","South Central","Bécancour","02PL"
-71.8205,46.3272,1285,"Notre Dame De Lourdes De Megantic","South Central","Bécancour","02PL"
-71.345,46.2822,1466,"St Jacques De Leeds","South Central","Bécancour","02PL"
-71.5258,46.2567,1162,"Inverness","South Central","Bécancour","02PL"
-71.6144,46.3699,1238,"Lyster","South Central","Bécancour","02PL"
-71.2539,46.1536,1375,"Pontbriand","South Central","Bécancour","02PL"
-72.0274,46.1643,1566,"St Rosaire","South Central","Bécancour","02PL"
-72.2218,46.2285,1578,"St Sylvere","South Central","Bécancour","02PL"
-72.2507,46.1117,1634,"Ste Eulalie","South Central","Bécancour","02PL"
-71.9944,46.2482,1506,"St Louis De Blandford","South Central","Bécancour","02PL"
-72.43,46.3338,1025,"Becancour","South Central","Bécancour","02PL"
-71.7749,46.2163,1310,"Plessisville","South Central","Bécancour","02PL"
-71.2153,46.1418,1335,"Robertsonville","South Central","Bécancour","02PL"
-72.4335,46.2138,1395,"Annaville","South Central","Bécancour","02PL"
-72.2278,46.1705,1557,"Aston Jonction","South Central","Bécancour","02PL"
-71.6561,46.2976,1642,"Laurierville","South Central","Bécancour","02PL"
-71.7107,46.1542,1667,"Ste Sophie De Megantic","South Central","Bécancour","02PL"
-71.3006,46.0911,1685,"Thetford Mines","South Central","Bécancour","02PL"
-71.5316,46.0857,1742,"Maple Grove","South Central","Bécancour","02PL"
-71.6258,46.0641,1794,"Vianney","South Central","Bécancour","02PL"
-71.4578,46.1826,1474,"St Jean De Brebeuf","South Central","Bécancour","02PL"
-71.6168,46.2077,1549,"St Pierre Baptiste","South Central","Bécancour","02PL"
-71.5054,45.9419,1467,"St Jacques Le Majeur De Wolfestown","South Central","Bécancour","02PL"
-75.6539,45.4883,1131,"Gatineau","Ottawa River","Rideau","02LA"
-74.3097,45.4797,1649,"Rigaud","Ottawa River","South Nation","02LB"
-74.3914,45.4322,1689,"Tres St Redempteur","Ottawa River","South Nation","02LB"
-75.2455,45.5961,1763,"Thurso","Ottawa River","South Nation","02LB"
-74.6078,45.628,1144,"Grenville","Ottawa River","South Nation","02LB"
-74.6456,45.648,1757,"Calumet","Ottawa River","South Nation","02LB"
-74.8709,46.409,1172,"L''Annonciation","Ottawa River","Rouge and Nord","02LC"
-74.6978,46.151,1178,"La Conception","Ottawa River","Rouge and Nord","02LC"
-74.482,46.1104,1208,"Lac Carre","Ottawa River","Rouge and Nord","02LC"
-74.3467,45.6557,1211,"Lachute","Ottawa River","Rouge and Nord","02LC"
-74.343,45.9717,1356,"St Adolphe D''Howard","Ottawa River","Rouge and Nord","02LC"
-74.1767,45.6662,1378,"Mirabel","Ottawa River","Rouge and Nord","02LC"
-74.1414,45.9506,1602,"Ste Adele","Ottawa River","Rouge and Nord","02LC"
-74.25,45.7667,1134,"Gore","Ottawa River","Rouge and Nord","02LC"
-75.1443,46.4987,1205,"Lac Saguay","Ottawa River","Rouge and Nord","02LC"
-74.4726,45.8337,1723,"Wentworth Nord","Ottawa River","Rouge and Nord","02LC"
-74.0721,45.8657,1321,"Prevost","Ottawa River","Rouge and Nord","02LC"
-73.9964,45.7766,1479,"St Jerome","Ottawa River","Rouge and Nord","02LC"
-74.7714,46.3744,1181,"La Macaza","Ottawa River","Rouge and Nord","02LC"
-75.025,46.3993,1203,"Lac Nominingue","Ottawa River","Rouge and Nord","02LC"
-74.2457,45.9038,1273,"Morin Heights","Ottawa River","Rouge and Nord","02LC"
-74.337,45.5585,1371,"St Andre D''Argenteuil","Ottawa River","Rouge and Nord","02LC"
-74.1379,45.74,1403,"St Colomban","Ottawa River","Rouge and Nord","02LC"
-74.9928,46.5151,1674,"Ste Veronique","Ottawa River","Rouge and Nord","02LC"
-74.2844,46.0476,1603,"Ste Agathe Des Monts","Ottawa River","Rouge and Nord","02LC"
-74.37,45.8,1722,"Wentworth","Ottawa River","Rouge and Nord","02LC"
-74.2517,46.1484,1790,"Lantier","Ottawa River","Rouge and Nord","02LC"
-74.77,46.03,1002,"Amherst","Ottawa River","Rouge and Nord","02LC"
-74.42,45.68,1067,"Chatham","Ottawa River","Rouge and Nord","02LC"
-74.6374,45.9759,1155,"Huberdeau","Ottawa River","Rouge and Nord","02LC"
-74.832,46.5523,1173,"L''Ascension","Ottawa River","Rouge and Nord","02LC"
-74.9365,46.2553,1182,"La Minerve","Ottawa River","Rouge and Nord","02LC"
-74.7336,46.2801,1193,"Labelle","Ottawa River","Rouge and Nord","02LC"
-73.99642,45.77663,1479,"St Jerome","Ottawa River","Rouge and Nord","02LC"
-74.1172,45.8705,1613,"Ste Anne Des Lacs","Ottawa River","Rouge and Nord","02LC"
-74.4857,46.1139,1433,"St Faustin","Ottawa River","Rouge and Nord","02LC"
-74.2075,46.0291,1695,"Val David","Ottawa River","Rouge and Nord","02LC"
-74.4072,45.6767,1751,"Brownsburg","Ottawa River","Rouge and Nord","02LC"
-74.5936,46.1191,1490,"St Jovite","Ottawa River","Rouge and Nord","02LC"
-74.1627,45.8937,1568,"St Sauveur Des Monts","Ottawa River","Rouge and Nord","02LC"
-74.0637,46.0279,1651,"Ste Marguerite Du Lac Masson","Ottawa River","Rouge and Nord","02LC"
-73.9786,45.7622,1782,"St Antoine Des Laurentides","Ottawa River","Rouge and Nord","02LC"
-74.1239,45.9415,1260,"Mont Rolland","Ottawa River","Rouge and Nord","02LC"
-74.1822,46.1301,1647,"Ste Lucie Des Laurentides","Ottawa River","Rouge and Nord","02LC"
-74.8719,45.6463,1120,"Fassett","Ottawa River","Rouge and Nord","02LC"
-74.6415,45.8018,1148,"Harrington","Ottawa River","Rouge and Nord","02LC"
-74.7729,45.9005,1315,"Boileau","Ottawa River","Rouge and Nord","02LC"
-74.3783,46.2087,1696,"Val Des Lacs","Ottawa River","Rouge and Nord","02LC"
-74.1892,46.0055,1698,"Val Morin","Ottawa River","Rouge and Nord","02LC"
-74.6731,46.0761,1044,"Brebeuf","Ottawa River","Rouge and Nord","02LC"
-74.7355,46.1534,1733,"Lac Simon","Ottawa River","Rouge and Nord","02LC"
-74.4673,45.9238,1769,"Lac Des Seize Iles","Ottawa River","Rouge and Nord","02LC"
-74.4995,45.9729,1266,"Montcalm","Ottawa River","Rouge and Nord","02LC"
-74.588,46.2127,1264,"Mont Tremblant","Ottawa River","Rouge and Nord","02LC"
-75.0802,46.0237,1109,"Duhamel","Ottawa River","South Nation","02LD"
-74.8898,45.9989,1198,"Lac Des Plages","Ottawa River","South Nation","02LD"
-75.2167,45.6333,1233,"Lochaber","Ottawa River","South Nation","02LD"
-74.9448,45.8992,1792,"Namur","Ottawa River","South Nation","02LD"
-75.0187,45.6176,1606,"Papineauville","Ottawa River","South Nation","02LD"
-74.9409,45.6504,1281,"Montebello","Ottawa River","South Nation","02LD"
-75.0587,45.7197,1369,"St Andre Avellin","Ottawa River","South Nation","02LD"
-75.2081,45.699,1574,"St Sixte","Ottawa River","South Nation","02LD"
-74.9679,45.808,1750,"Notre Dame De La Salette","Ottawa River","South Nation","02LD"
-75.1644,45.8555,1268,"Montpellier","Ottawa River","South Nation","02LD"
-75.1143,45.6071,1309,"Plaisance","Ottawa River","South Nation","02LD"
-74.9168,45.9307,1679,"Suffolk Et Addington","Ottawa River","South Nation","02LD"
-74.9667,45.8167,1283,"Notre Dame De La Paix","Ottawa River","South Nation","02LD"
-75.058,45.8845,1068,"Cheneville","Ottawa River","South Nation","02LD"
-75.1089,45.7913,1330,"Ripon","Ottawa River","South Nation","02LD"
-75.2401,46.6532,1075,"Chute St Philippe","Ottawa River","Lièvre","02LE"
-75.3381,46.78,1263,"Mont St Michel","Ottawa River","Lièvre","02LE"
-75.4514,46.6996,1121,"Ferme Neuve","Ottawa River","Lièvre","02LE"
-75.3247,46.8776,1615,"Ste Anne Du Lac","Ottawa River","Lièvre","02LE"
-75.3755,46.418,1167,"Kiamika","Ottawa River","Lièvre","02LE"
-75.3134,46.7369,1206,"Lac St Paul","Ottawa River","Lièvre","02LE"
-75.4946,46.5494,1259,"Mont Laurier","Ottawa River","Lièvre","02LE"
-75.5278,46.3976,1360,"St Aime Du Lac Des Iles","Ottawa River","Lièvre","02LE"
-75.3609,46.5549,1767,"Lac Des Ecorces","Ottawa River","Lièvre","02LE"
-75.583,46.5566,1097,"Des Ruisseaux","Ottawa River","Lièvre","02LE"
-75.4218,45.5454,1749,"Masson Angers","Ottawa River","Lièvre","02LF"
-75.6321,46.2848,1289,"Notre Dame De Pontmain","Ottawa River","Lièvre","02LF"
-75.6225,46.0932,1294,"Notre Dame Du Laus","Ottawa River","Lièvre","02LF"
-75.2688,45.5906,1717,"Waltham Et Bryson","Ottawa River","Lièvre","02LF"
-75.5014,46.3058,1779,"Lac Du Cerf","Ottawa River","Lièvre","02LF"
-75.4123,45.5899,1052,"Buckingham","Ottawa River","Lièvre","02LF"
-75.3462,45.6629,1251,"Mayo","Ottawa River","Lièvre","02LF"
-75.6203,45.9042,1043,"Bowman","Ottawa River","Lièvre","02LF"
-74.62,47.92,1774,"Parent","Ottawa River","Gatineau","02LG"
-76.7087,47.2552,1734,"Lac Rapide","Ottawa River","Gatineau","02LG"
-75.727,45.44,1157,"Hull","Ottawa River","Gatineau","02LH"
-76.2456,46.1333,1197,"Cayamant","Ottawa River","Gatineau","02LH"
-76.4,45.97,1301,"Leslie Clapham Et Huddersfield","Ottawa River","Gatineau","02LH"
-75.9978,46.3651,1242,"Maniwaki","Ottawa River","Gatineau","02LH"
-76.0538,46.0913,1135,"Gracefield","Ottawa River","Gatineau","02LH"
-76.0323,45.6424,1185,"La Peche","Ottawa River","Gatineau","02LH"
-76.044,46.5375,1267,"Montcerf","Ottawa River","Gatineau","02LH"
-75.88,46.4706,1037,"Aumond","Ottawa River","Gatineau","02LH"
-76.0616,46.1805,1196,"Blue Sea","Ottawa River","Gatineau","02LH"
-75.7868,45.5073,1158,"Chelsea","Ottawa River","Gatineau","02LH"
-75.7343,45.6676,1697,"Val Des Monts","Ottawa River","Gatineau","02LH"
-75.9531,45.8132,1237,"Low","Ottawa River","Gatineau","02LH"
-75.9466,45.9501,1207,"Lac Ste Marie","Ottawa River","Gatineau","02LH"
-76.0215,46.2432,1256,"Messines","Ottawa River","Gatineau","02LH"
-75.956,46.2037,1042,"Bouchette","Ottawa River","Gatineau","02LH"
-75.9804,46.5026,1746,"Bois Franc","Ottawa River","Gatineau","02LH"
-75.8601,46.2759,1672,"Ste Therese De La Gatineau","Ottawa River","Gatineau","02LH"
-75.9113,46.6177,1139,"Grand Remous","Ottawa River","Gatineau","02LH"
-74.1312,45.2566,1346,"Salaberry De Valleyfield","Ottawa River","South Nation","02MC"
-74.3083,45.2995,1554,"St Polycarpe","Ottawa River","South Nation","02MC"
-74.0039,45.3,1584,"St Timothee","Ottawa River","South Nation","02MC"
-74.2067,45.2593,1088,"Coteau Station","Ottawa River","South Nation","02MC"
-74.4118,45.3749,1646,"Ste Justine De Newton","Ottawa River","South Nation","02MC"
-74.3599,45.1371,1373,"St Anicet","Ottawa River","South Nation","02MC"
-74.1273,45.3297,1488,"Les Cedres","Ottawa River","South Nation","02MC"
-74.18,45.2884,1087,"Coteau Du Lac","Ottawa River","South Nation","02MC"
-73.9158,45.2472,1427,"St Etienne De Beauharnois","Ottawa River","South Nation","02MC"
-74.2511,45.2453,1597,"St Zotique","Ottawa River","South Nation","02MC"
-74.1983,45.1626,1617,"Ste Barbe","Ottawa River","South Nation","02MC"
-73.997,45.2149,1508,"St Louis De Gonzague De Beauharnois","Ottawa River","South Nation","02MC"
-74.3899,45.2942,1579,"St Telesphore","Ottawa River","South Nation","02MC"
-74.1307,45.1775,1576,"St Stanislas De Kostka","Ottawa River","South Nation","02MC"
-73.9691,45.3298,1783,"Pointe Des Cascades","Ottawa River","South Nation","02MC"
-74.2067,45.2593,1754,"Coteau Landing","Ottawa River","South Nation","02MC"
-74.2261,45.354,1402,"St Clet","Ottawa River","South Nation","02MC"
-74.3387,45.2363,1331,"Riviere Beaudette","Ottawa River","South Nation","02MC"
-74.6491,44.979,1558,"Akwesasne","Ottawa River","South Nation","02MC"
-74.5077,45.002,1110,"Dundee","Ottawa River","South Nation","02MC"
-73.8907,45.56,1431,"St Eustache","Ottawa River","Montreal Island","02OA"
-74.0063,45.5334,1489,"St Joseph Du Lac","Ottawa River","Montreal Island","02OA"
-73.6006,45.747,1248,"Mascouche","Ottawa River","Montreal Island","02OA"
-74.0926,45.4617,1299,"Oka","Ottawa River","Montreal Island","02OA"
-73.9699,45.4985,1312,"Pointe Calumet","Ottawa River","Montreal Island","02OA"
-74.2102,45.5292,1552,"St Placide","Ottawa River","Montreal Island","02OA"
-73.8332,45.6356,1671,"Ste Therese","Ottawa River","Montreal Island","02OA"
-73.8729,45.6689,1035,"Blainville","Ottawa River","Montreal Island","02OA"
-74.1459,45.4594,1156,"Hudson","Ottawa River","Montreal Island","02OA"
-73.7888,45.6704,1235,"Lorraine","Ottawa River","Montreal Island","02OA"
-73.8134,45.7606,1614,"Ste Anne Des Plaines","Ottawa River","Montreal Island","02OA"
-74.3,45.4065,1655,"Ste Marthe","Ottawa River","Montreal Island","02OA"
-74.3838,45.5614,1791,"Pointe Fortune","Ottawa River","Montreal Island","02OA"
-73.8192,45.6598,1124,"Fontainebleau","Ottawa River","Montreal Island","02OA"
-73.5491,52.9399,1699,"Val Paradis",NA,"Upper Sakami","03DD"
-78.8938,53.7827,2058,"Chisasibi",NA,"Lower La Grande","03DF"
-71.9539,61.5963,1798,"Kangiqsujuaq",NA,"Southern Coast of Hudson Strait","03HC"
-68.4188,58.103,2052,"Kuujjuak",NA,"Koksoak - Mouth","03KE"
-66.8108,54.8007,633,"Schefferville",NA,"Swampy Bay","03LD"
-66.9465156,52.9409171,638,"St Clement''S Labrador City Tn",NA,"Ashuanipi","03OA"
